MATERIAL,OPTIMO K715, Precio Lista , H30 , H60 ,,,,,,,
206238,165/80R15-87T K715  HANKOOK," $2,367.53 "," $2,426.72 "," $2,509.59 ",,,,,,,
201147,195/65R14-89T K715  HANKOOK," $2,099.50 "," $2,151.98 "," $2,225.46 ",,,,,,,
201203,195/70R14-91T K715  HANKOOK," $2,041.61 "," $2,092.65 "," $2,164.11 ",,,,,,,
201117,165/65R14-79T K715  HANKOOK," $2,077.56 "," $2,129.50 "," $2,202.21 ",,,,,,,
201119,165/70R14-81T K715  HANKOOK," $1,981.19 "," $2,030.72 "," $2,100.07 ",,,,,,,
207767,155/65R14-75T K715 HANKOOK," $1,931.24 "," $1,979.53 "," $2,047.12 ",,,,,,,
205500,155/70R14 77T K715  HANKOOK," $1,872.55 "," $1,919.36 "," $1,984.90 ",,,,,,,
201113,145/80R13-75T K715  HANKOOK," $1,567.45 "," $1,606.63 "," $1,661.49 ",,,,,,,
201146,185/70R13-86T K715  HANKOOK," $1,831.92 "," $1,877.71 "," $1,941.83 ",,,,,,,
201114,155/65R13-73T K715  HANKOOK," $1,975.12 "," $2,024.50 "," $2,093.63 ",,,,,,,
201111,145/70R13-71T K715  HANKOOK," $1,599.29 "," $1,639.28 "," $1,695.25 ",,,,,,,
201220,165/70R12-77T K715  HANKOOK," $1,475.66 "," $1,512.55 "," $1,564.19 ",,,,,,,
201115,155/80R12-77T K715  HANKOOK," $1,446.13 "," $1,482.28 "," $1,532.90 ",,,,,,,
201110,145/70R12-69T K715  HANKOOK," $1,552.51 "," $1,591.33 "," $1,645.67 ",,,,,,,
201112,145/80R12-74T K715  HANKOOK," $1,857.82 "," $1,904.27 "," $1,969.29 ",,,,,,,
MATERIAL,OPTIMO H724, Precio Lista , H30 , H60 ,,,,,,,
205593,P205/70R15-95T H724 LB HANKOOK," $3,152.64 "," $3,231.46 "," $3,341.80 ",,,,,,,
206920,P215/75R15-100S H724 4T HANKOOK," $3,511.82 "," $3,599.61 "," $3,722.53 ",,,,,,,
206226,P205/75R15-97S H724 HANKOOK," $3,073.65 "," $3,150.50 "," $3,258.07 ",,,,,,,
205574,P175/65R14-81T H724 HANKOOK," $1,543.32 "," $1,581.90 "," $1,635.92 ",,,,,,,
207610,P155/80R13-79T H724 HANKOOK," $1,652.46 "," $1,693.77 "," $1,751.61 ",,,,,,,
205507,P205/60R13-T86  H724 HANKOOK," $2,182.88 "," $2,237.45 "," $2,313.85 ",,,,,,,
205573,P185/70R13-85T H724 HANKOOK," $1,752.67 "," $1,796.49 "," $1,857.83 ",,,,,,,
205566,P175/70R13-82T H724  HANKOOK," $1,390.97 "," $1,425.74 "," $1,474.43 ",,,,,,,
205990,P175/70R14-84T H724 HANKOOK," $1,925.30 "," $1,973.44 "," $2,040.82 ",,,,,,,
205819,P165/70R13-78T H724 HANKOOK," $1,523.37 "," $1,561.45 "," $1,614.77 ",,,,,,,
MATERIAL,VENTUS V4 ES H105, Precio Lista , H30 , H60 ,,,,,,,
206235, 175/55R15-77T H105  HANKOOK ," $2,273.03 "," $2,329.86 "," $2,409.42 ",,,,,,,
MATERIAL,OPTIMO K415, Precio Lista , H30 , H60 ,,,,,,,
205377,215/55R17-94V K415  HANKOOK," $4,036.56 "," $4,137.47 "," $4,278.75 ",,,,,,,
206520,195/60R16-89H K415 4T HANKOOK," $3,440.88 "," $3,526.90 "," $3,647.33 ",,,,,,,
206556,205/60R15-91H K415  HANKOOK," $2,619.31 "," $2,684.79 "," $2,776.47 ",,,,,,,
206114,175/60R15-81H K415 4T HANKOOK," $2,230.68 "," $2,286.45 "," $2,364.52 ",,,,,,,
205142,175/65R15-84H K415 4T HANKOOK," $2,106.82 "," $2,159.49 "," $2,233.22 ",,,,,,,
201039,175/60R14-79H K415  HANKOOK," $2,226.63 "," $2,282.30 "," $2,360.23 ",,,,,,,
MATERIAL,OPTIMO ME02  K424, Precio Lista , H30 , H60 ,,,,,,,
206620,235/60R16-100H K424  HANKOOK," $3,631.88 "," $3,722.67 "," $3,849.79 ",,,,,,,
205993,225/60R16-98H K424 4T HANKOOK," $3,369.98 "," $3,454.23 "," $3,572.18 ",,,,,,,
205987,215/60R16-95H K424 4T HANKOOK," $3,987.49 "," $4,087.18 "," $4,226.74 ",,,,,,,
206228,225/60R15-96H K424 4T HANKOOK," $3,379.12 "," $3,463.60 "," $3,581.87 ",,,,,,,
205989,215/65R15-96H K424  HANKOOK," $3,277.91 "," $3,359.86 "," $3,474.59 ",,,,,,,
206233,205/65R15-94H K424  HANKOOK," $3,047.45 "," $3,123.63 "," $3,230.29 ",,,,,,,
206232,205/60R15-91H K424  HANKOOK," $2,807.26 "," $2,877.44 "," $2,975.70 ",,,,,,,
206229,195/60R15-88H K424  HANKOOK," $2,214.95 "," $2,270.33 "," $2,347.85 ",,,,,,,
207568,195/65R15-91H K424 HANKOOK," $2,466.05 "," $2,527.70 "," $2,614.02 ",,,,,,,
206132,185/60R15-84H K424 4T HANKOOK," $2,127.42 "," $2,180.61 "," $2,255.07 ",,,,,,,
206116,185/65R15-88H K424 4T HANKOOK," $2,123.82 "," $2,176.91 "," $2,251.25 ",,,,,,,
206237,195/60R14-86H K424  HANKOOK," $2,028.95 "," $2,079.68 "," $2,150.69 ",,,,,,,
207628,195/70R14 91H K424 HANKOOK," $2,365.25 "," $2,424.38 "," $2,507.16 ",,,,,,,
206014,185/60R14-82H K424 HANKOOK," $1,832.40 "," $1,878.21 "," $1,942.34 ",,,,,,,
206117,185/65R14-86H K424 4T HANKOOK," $1,999.46 "," $2,049.45 "," $2,119.43 ",,,,,,,
206231,185/70R14-88H K424 HANKOOK," $1,969.64 "," $2,018.88 "," $2,087.82 ",,,,,,,
207583,175/65R14-82H K424  HANKOOK," $1,672.95 "," $1,714.77 "," $1,773.32 ",,,,,,,
207664,175/70R14-84H K424 HANKOOK," $2,071.60 "," $2,123.39 "," $2,195.90 ",,,,,,,
206134,185/60R13-80H K424 4T HANKOOK," $2,360.77 "," $2,419.79 "," $2,502.42 ",,,,,,,
206133,175/60R13-77H K424 4T HANKOOK," $1,761.55 "," $1,805.59 "," $1,867.25 ",,,,,,,
207663,175/70R13-82H K424  HANKOOK," $1,672.95 "," $1,714.77 "," $1,773.32 ",,,,,,,
,KINERGY ECO K425, Precio Lista , H30 , H60 ,,,,,,,
206021,205/55R16-91H K425 4T HANKOOK," $2,755.23 "," $2,824.11 "," $2,920.54 ",,,,,,,
207106,205/60R16-92V K425 4T HANKOOK," $3,597.90 "," $3,687.85 "," $3,813.77 ",,,,,,,
207611,175/50R15-75H K425  HANKOOK," $2,788.25 "," $2,857.96 "," $2,955.55 ",,,,,,,
206022,165/60R14-75H K425 4T HANKOOK," $1,847.38 "," $1,893.56 "," $1,958.22 ",,,,,,,
207108,155/70R13-75T K425  HANKOOK," $1,319.00 "," $1,351.97 "," $1,398.14 ",,,,,,,
,H436, Precio Lista , H30 , H60 ,,,,,,,
207626,P225/55R17-97H H436 HANKOOK," $4,849.68 "," $4,970.92 "," $5,140.66 ",,,,,,,
,VENTUS V2 CONCEPT H437, Precio Lista , H30 , H60 ,,,,,,,
206510,235/45R17-97V H437 HANKOOK," $3,848.14 "," $3,944.34 "," $4,079.03 ",,,,,,,
206509,215/45R17-91V H437 HANKOOK," $2,933.52 "," $3,006.86 "," $3,109.54 ",,,,,,,
206513,215/50R17-91V H437 HANKOOK," $3,915.54 "," $4,013.42 "," $4,150.47 ",,,,,,,
206511,205/40R17-84H H437 HANKOOK," $2,835.88 "," $2,906.77 "," $3,006.03 ",,,,,,,
206630,225/50R16-92V H437 HANKOOK," $3,567.67 "," $3,656.86 "," $3,781.73 ",,,,,,,
206512,215/55R16-93H H437 HANKOOK," $3,174.47 "," $3,253.83 "," $3,364.94 ",,,,,,,
205992,205/45R16-83H H437  HANKOOK," $2,571.58 "," $2,635.87 "," $2,725.87 ",,,,,,,
205998,185/55R16-83H H437 HANKOOK," $2,640.98 "," $2,707.01 "," $2,799.44 ",,,,,,,
206514,195/60R14-86H H437 HANKOOK," $1,788.49 "," $1,833.20 "," $1,895.80 ",,,,,,,
MATERIAL, H452, Precio Lista , H30 , H60 ,,,,,,,
207625,235/50R19-99H H452 HANKOOK," $8,465.12 "," $8,676.75 "," $8,973.03 ",,,,,,,
207585,235/55R17H 99H H452 HANKOOK," $5,224.24 "," $5,354.84 "," $5,537.69 ",,,,,,,
207669,215/55ZR16-97W H452 HANKOOK," $3,621.09 "," $3,711.62 "," $3,838.36 ",,,,,,,
MATERIAL,VENTUS V2 CONCEPT 2 H457, Precio Lista , H30 , H60 ,,,,,,,
207435,225/50R17 98V H457 HANKOOK," $4,779.10 "," $4,898.58 "," $5,065.85 ",,,,,,,
207448,225/45R17 94V H457 HANKOOK," $3,661.65 "," $3,753.19 "," $3,881.35 ",,,,,,,
207624,215/45R17-91V H457 HANKOOK," $2,962.71 "," $3,036.78 "," $3,140.47 ",,,,,,,
207668,215/50R17-91V H457 HANKOOK," $3,869.41 "," $3,966.15 "," $4,101.58 ",,,,,,,
207678,215/55R17-98V H457  HANKOOK," $4,097.01 "," $4,199.44 "," $4,342.83 ",,,,,,,
207677,205/40R17-84V H457 HANKOOK," $3,033.62 "," $3,109.46 "," $3,215.63 ",,,,,,,
207450,205/45R16 83V H457 HANKOOK," $2,630.42 "," $2,696.18 "," $2,788.24 ",,,,,,,
207452,205/55R16 94V H457 HANKOOK," $2,753.86 "," $2,822.71 "," $2,919.09 ",,,,,,,
207673,195/45R16-80V H457 HANKOOK," $4,188.05 "," $4,292.75 "," $4,439.34 ",,,,,,,
207672,205/50R15-86H H457 HANKOOK," $3,041.73 "," $3,117.78 "," $3,224.24 ",,,,,,,
207594,195/55R15-85V H457 HANKOOK," $2,427.51 "," $2,488.20 "," $2,573.16 ",,,,,,,
207674,195/50R15-82H H457 HANKOOK," $2,547.06 "," $2,610.74 "," $2,699.88 ",,,,,,,
MATERIAL,OPTIMO H426, Precio Lista , H30 , H60 ,,,,,,,
207017,225/55R19- 99H H426 4T HANKOOK," $6,785.21 "," $6,954.84 "," $7,192.32 ",,,,,,,
206121,P225/60R18-99H H426 4T HANKOOK," $4,699.07 "," $4,816.55 "," $4,981.02 ",,,,,,,
206109,P205/65R16-94H H426 4T HANKOOK," $2,928.45 "," $3,001.67 "," $3,104.16 ",,,,,,,
206119,225/55R16-95H H426 HANKOOK," $3,849.71 "," $3,945.95 "," $4,080.69 ",,,,,,,
205576,195/50R16-84H H426 HANKOOK," $3,240.25 "," $3,321.25 "," $3,434.66 ",,,,,,,
206137,195/60R16-89H H426 4T HANKOOK," $3,460.33 "," $3,546.84 "," $3,667.95 ",,,,,,,
206135,235/55R18-100H H426 4T HANKOOK," $4,607.33 "," $4,722.51 "," $4,883.77 ",,,,,,,
MATERIAL,VENTUS V12 EVO K110, Precio Lista , H30 , H60 ,,,,,,,
201163,275/30ZR19-96Y K110  HANKOOK," $3,828.21 "," $3,923.92 "," $4,057.90 ",,,,,,,
201191,265/30ZR19-93Y K110  HANKOOK," $3,435.64 "," $3,521.53 "," $3,641.78 ",,,,,,,
201193,245/35ZR19-93Y K110  HANKOOK," $3,157.70 "," $3,236.64 "," $3,347.16 ",,,,,,,
201184,275/35ZR18-95Y K110  HANKOOK," $2,936.49 "," $3,009.90 "," $3,112.68 ",,,,,,,
201122,205/40ZR17-84W K110  HANKOOK," $3,100.35 "," $3,177.86 "," $3,286.37 ",,,,,,,
201126,215/40ZR16-86W XL K110  HANKOOK," $2,253.13 "," $2,309.46 "," $2,388.32 ",,,,,,,
MATERIAL,VENTUS S1 EVO K107, Precio Lista , H30 , H60 ,,,,,,,
206790,245/45ZR19-102Y K107 XL HANKOOK," $7,777.48 "," $7,971.92 "," $8,244.13 ",,,,,,,
206614,RF245/40RF18-93W K107  HANKOOK," $9,070.64 "," $9,297.41 "," $9,614.88 ",,,,,,,
206225,RF225/40RF18-88W K107 HANKOOK," $7,455.92 "," $7,642.32 "," $7,903.28 ",,,,,,,
206017,RF245/45RF17-95W K107  HANKOOK," $6,538.53 "," $6,701.99 "," $6,930.84 ",,,,,,,
206016,RF225/45RF17-91W K107  HANKOOK," $6,070.88 "," $6,222.66 "," $6,435.14 ",,,,,,,
206015,RF205/45RF17-84V K107  HANKOOK," $5,364.84 "," $5,498.96 "," $5,686.73 ",,,,,,,
200842,195/40ZR17-81W K107  HANKOOK," $3,500.45 "," $3,587.96 "," $3,710.47 ",,,,,,,
206236,195/45R16-84V XL K107 HANKOOK," $3,563.53 "," $3,652.62 "," $3,777.35 ",,,,,,,
MATERIAL,VENTUS PRIME 2K115, Precio Lista , H30 , H60 ,,,,,,,
207100,235/55R19-101V K115 4T HANKOOK," $4,730.76 "," $4,849.03 "," $5,014.61 ",,,,,,,
207759,245/45R18-96V K115 HANKOOK," $6,827.70 "," $6,998.40 "," $7,237.37 ",,,,,,,
206230,215/45R17-87H K115 HANKOOK," $3,080.39 "," $3,157.40 "," $3,265.22 ",,,,,,,
206028,205/55R16-91V K115 4T HANKOOK," $2,999.20 "," $3,074.18 "," $3,179.15 ",,,,,,,
206029,RF205/55RF16-91W K115 4T HANKOOK," $5,121.68 "," $5,249.72 "," $5,428.98 ",,,,,,,
206023,195/55R16-87V K115 4T HANKOOK," $3,257.83 "," $3,339.27 "," $3,453.30 ",,,,,,,
206030,RF195/55RF16-87V K115 4T HANKOOK," $3,211.22 "," $3,291.50 "," $3,403.89 ",,,,,,,
MATERIAL,K117A  VENTUS S1 EVO2, Precio Lista , H30 , H60 ,,,,,,,
206789,295/35ZR21-107Y K117A  HANKOOK," $12,725.18 "," $13,043.31 "," $13,488.69 ",,,,,,,
206784,315/35ZR20-110Y  K117A  HANKOOK," $12,119.24 "," $12,422.22 "," $12,846.39 ",,,,,,,
206783,275/50ZR20-109W  K117A  HANKOOK," $11,422.28 "," $11,707.84 "," $12,107.62 ",,,,,,,
206759,275/40ZR20-106Y K117A  HANKOOK," $10,483.19 "," $10,745.26 "," $11,112.18 ",,,,,,,
206779,275/45ZR19-108Y K117A  HANKOOK," $9,141.88 "," $9,370.42 "," $9,690.39 ",,,,,,,
206926,275/55R19-111V  K117A  4T HANKOOK," $8,763.92 "," $8,983.02 "," $9,289.76 ",,,,,,,
207587,295/40ZR21-111W XL K117 HANKOOK," $11,918.56 "," $12,216.52 "," $12,633.67 ",,,,,,,
207734,255/55R18-109V K117A HANKOOK," $7,289.51 "," $7,471.75 "," $7,726.88 ",,,,,,,
206773,255/55ZR18-109Y  K117A  4T HANKOOK," $7,290.36 "," $7,472.62 "," $7,727.78 ",,,,,,,
MATERIAL,K120 VENTUS V12 EVO2, Precio Lista , H30 , H60 ,,,,,,,
207186,275/30ZR19-96Y K120  HANKOOK," $7,658.11 "," $7,849.57 "," $8,117.60 ",,,,,,,
206782,275/35ZR20-102Y  K120  HANKOOK," $10,191.50 "," $10,446.29 "," $10,802.99 ",,,,,,,
206787,255/30ZR20-92Y K120 XL HANKOOK," $9,162.65 "," $9,391.72 "," $9,712.41 ",,,,,,,
207727,245/35ZR20-95Y K120 HANKOOK," $8,966.51 "," $9,190.67 "," $9,504.50 ",,,,,,,
206781,245/40ZR20-99Y K120  HANKOOK," $7,989.94 "," $8,189.69 "," $8,469.34 ",,,,,,,
206762,245/45ZR20-103Y K120  HANKOOK," $7,602.05 "," $7,792.11 "," $8,058.18 ",,,,,,,
206890,305/30ZR19-102Y K120 HANKOOK," $10,801.50 "," $11,071.54 "," $11,449.59 ",,,,,,,
206778,295/30ZR19-100Y K120  HANKOOK," $7,821.78 "," $8,017.32 "," $8,291.09 ",,,,,,,
207173,285/30ZR19-93Y K120  HANKOOK," $9,217.78 "," $9,448.22 "," $9,770.85 ",,,,,,,
206777,285/35ZR19-103Y K120  HANKOOK," $10,865.70 "," $11,137.35 "," $11,517.65 ",,,,,,,
206793,275/40ZR19-105Y K120  HANKOOK," $9,953.30 "," $10,202.14 "," $10,550.50 ",,,,,,,
207080,265/30ZR19-103Y K120  HANKOOK," $7,400.93 "," $7,585.95 "," $7,844.98 ",,,,,,,
206786,265/35ZR19-98Y K120  HANKOOK," $10,452.81 "," $10,714.14 "," $11,079.98 ",,,,,,,
206792,255/30ZR19-91Y K120 XL HANKOOK," $8,481.02 "," $8,693.05 "," $8,989.88 ",,,,,,,
206761,255/35ZR19-96Y K120 XL HANKOOK," $8,201.86 "," $8,406.91 "," $8,693.98 ",,,,,,,
207000,255/40ZR19-100Y K120 HANKOOK," $9,182.69 "," $9,412.26 "," $9,733.65 ",,,,,,,
206925,255/45ZR19-104Y K120 XL 4T  HANKOOK," $8,656.59 "," $8,873.01 "," $9,175.99 ",,,,,,,
207167,245/35ZR19-93Y K120  HANKOOK," $7,429.40 "," $7,615.14 "," $7,875.16 ",,,,,,,
206776,245/45ZR19-102Y K120 XL HANKOOK," $8,460.66 "," $8,672.18 "," $8,968.30 ",,,,,,,
206760,235/35ZR19-91Y K120  HANKOOK," $6,828.53 "," $6,999.24 "," $7,238.24 ",,,,,,,
206791,225/35ZR19-88Y K120  HANKOOK," $5,290.11 "," $5,422.36 "," $5,607.51 ",,,,,,,
206775,225/40ZR19-93Y K120  HANKOOK," $6,948.17 "," $7,121.88 "," $7,365.06 ",,,,,,,
206774,285/35ZR18-101Y K120  HANKOOK," $9,297.01 "," $9,529.44 "," $9,854.83 ",,,,,,,
207125,275/35ZR18-99Y K120  HANKOOK," $8,615.42 "," $8,830.80 "," $9,132.34 ",,,,,,,
206788,275/40ZR18 103Y XL K120 HANKOOK," $8,281.89 "," $8,488.94 "," $8,778.81 ",,,,,,,
207159,265/35ZR18-97Y K120  HANKOOK," $7,691.50 "," $7,883.79 "," $8,152.99 ",,,,,,,
206922,265/40ZR18-101Y K120 4T  HANKOOK," $8,291.78 "," $8,499.07 "," $8,789.29 ",,,,,,,
207018,255/35ZR18- 94Y K120  HANKOOK," $7,349.75 "," $7,533.49 "," $7,790.73 ",,,,,,,
206756,255/40ZR18-99Y K120  HANKOOK," $7,436.30 "," $7,622.20 "," $7,882.47 ",,,,,,,
207172,255/45ZR18-103Y K120  HANKOOK," $7,867.27 "," $8,063.96 "," $8,339.31 ",,,,,,,
207092,245/35ZR18-92Y K120  HANKOOK," $5,967.05 "," $6,116.23 "," $6,325.08 ",,,,,,,
206757,245/40ZR18-97Y K120  HANKOOK," $6,896.89 "," $7,069.31 "," $7,310.70 ",,,,,,,
206800,245/45ZR18-100Y XL  4T K120  HANKOOK," $6,827.70 "," $6,998.40 "," $7,237.37 ",,,,,,,
207155,235/40ZR18-95Y K120  HANKOOK," $6,975.64 "," $7,150.03 "," $7,394.18 ",,,,,,,
207180,235/50ZR18-101Y K120  HANKOOK," $7,572.01 "," $7,761.31 "," $8,026.33 ",,,,,,,
207183,225/45ZR18-95Y K120  HANKOOK," $5,730.48 "," $5,873.74 "," $6,074.30 ",,,,,,,
207034,215/45ZR18 93Y XL K120 HANKOOK," $5,606.93 "," $5,747.11 "," $5,943.35 ",,,,,,,
206755,215/40ZR18-89Y K120  HANKOOK," $5,530.53 "," $5,668.80 "," $5,862.37 ",,,,,,,
207184,255/40ZR17-98Y K120  HANKOOK," $7,195.43 "," $7,375.32 "," $7,627.16 ",,,,,,,
207171,245/40ZR17-95Y K120  HANKOOK," $6,173.84 "," $6,328.19 "," $6,544.27 ",,,,,,,
207630,245/45ZR17 99Y K120 HANKOOK," $6,675.05 "," $6,841.93 "," $7,075.55 ",,,,,,,
207035,235/45ZR17-97Y K120  HANKOOK," $4,463.45 "," $4,575.03 "," $4,731.25 ",,,,,,,
207154,225/45ZR17-94Y  K120  HANKOOK," $4,537.50 "," $4,650.94 "," $4,809.75 ",,,,,,,
207181,225/50ZR17-98Y K120  HANKOOK," $4,968.43 "," $5,092.64 "," $5,266.54 ",,,,,,,
207185,215/50ZR17-95W K120  HANKOOK," $4,698.72 "," $4,816.19 "," $4,980.64 ",,,,,,,
207033,205/45ZR17-88W K120  HANKOOK," $4,469.58 "," $4,581.32 "," $4,737.76 ",,,,,,,
206754,205/50ZR17-93Y K120 4T HANKOOK," $3,999.34 "," $4,099.32 "," $4,239.30 ",,,,,,,
207153,225/50ZR16-96W  XL K120  HANKOOK," $4,057.36 "," $4,158.79 "," $4,300.80 ",,,,,,,
206763,215/45R16-86V  K120 HANKOOK," $4,821.40 "," $4,941.94 "," $5,110.69 ",,,,,,,
207174,205/45ZR16-87W K120  HANKOOK," $2,863.36 "," $2,934.94 "," $3,035.16 ",,,,,,,
206923,205/55ZR16-94W K120 4T  HANKOOK," $3,585.18 "," $3,674.81 "," $3,800.29 ",,,,,,,
207156,195/50R15-82V K120  HANKOOK," $2,527.09 "," $2,590.26 "," $2,678.71 ",,,,,,,
207157,195/55R15-85V K120  HANKOOK," $2,444.59 "," $2,505.70 "," $2,591.26 ",,,,,,,
207606,185/55R15 82V K120 HANKOOK," $2,216.10 "," $2,271.51 "," $2,349.07 ",,,,,,,
MATERIAL,VANTRA/RA18, Precio Lista , H30 , H60 ,,,,,,,
207601,155R12C 88/86P RA18 8T HANKOOK," $2,701.81 "," $2,769.35 "," $2,863.92 ",,,,,,,
207257,215/75R16C 116/114R 10T RA18 HANKOOK," $4,454.95 "," $4,566.33 "," $4,722.25 ",,,,,,,
207327,195/75R16C- 107/105R  RA18 HANKOOK," $4,578.17 "," $4,692.62 "," $4,852.86 ",,,,,,,
207111,195R15C 106/104R RA18 HANKOOK," $3,853.62 "," $3,949.96 "," $4,084.84 ",,,,,,,
207665,195/70R15-104/102R RA18 HANKOOK," $4,015.08 "," $4,115.46 "," $4,255.99 ",,,,,,,
207027,205/75R14-107Q RA18  8T HANKOOK," $3,962.35 "," $4,061.41 "," $4,200.09 ",,,,,,,
MATERIAL,RA14, Precio Lista , H30 , H60 ,,,,,,,
206613,225/65R16-112/110T RA14 8T HANKOOK," $5,267.19 "," $5,398.87 "," $5,583.22 ",,,,,,,
MATERIAL,RADIAL  RA08, Precio Lista , H30 , H60 ,,,,,,,
200660,225/75R16-118/116Q RA08 10T HANKOOK," $5,496.55 "," $5,633.96 "," $5,826.34 ",,,,,,,
201157,215/70R16C 108/106T RA08 6T HANKOOK," $4,538.53 "," $4,651.99 "," $4,810.84 ",,,,,,,
200681,205/75R16  113/111Q RA08  10T HANKOOK," $4,823.18 "," $4,943.76 "," $5,112.57 ",,,,,,,
200456,225/70R15-112/110R RA08 8T HANKOOK," $4,255.55 "," $4,361.93 "," $4,510.88 ",,,,,,,
201015,215/70R15-109/107R RA08 8T HANKOOK," $3,462.56 "," $3,549.12 "," $3,670.31 ",,,,,,,
200454,185-R15-103R RA08 R  8T HANKOOK," $3,517.52 "," $3,605.46 "," $3,728.57 ",,,,,,,
200440,215/75R14-112/110Q RA08 8T HANKOOK," $3,677.18 "," $3,769.11 "," $3,897.81 ",,,,,,,
200436,195/75R14-106Q RA08 R  8T HANKOOK," $2,966.18 "," $3,040.34 "," $3,144.15 ",,,,,,,
200455,195R14C - 106/104R RA08 R  8T HANKOOK," $3,350.36 "," $3,434.12 "," $3,551.38 ",,,,,,,
MATERIAL,VENTUS ST RH06, Precio Lista , H30 , H60 ,,,,,,,
207158,295/45R20-114V RH06  HANKOOK," $12,818.59 "," $13,139.06 "," $13,587.71 ",,,,,,,
201102,275/40R20-106W RH06  HANKOOK," $10,210.27 "," $10,465.53 "," $10,822.89 ",,,,,,,
200802,285/60R17-114V RH06 R  4T HANKOOK," $2,507.22 "," $2,569.90 "," $2,657.65 ",,,,,,,
201177,275/55R17-109V RH06 R  4T HANKOOK," $5,991.34 "," $6,141.12 "," $6,350.82 ",,,,,,,
201178,255/60R17-107V RH06 R  4T HANKOOK," $3,359.94 "," $3,443.94 "," $3,561.54 ",,,,,,,
200819,295/50R15-108V RH06 R  4T HANKOOK," $5,939.08 "," $6,087.56 "," $6,295.42 ",,,,,,,
MATERIAL,DYNAPRO AS RH07, Precio Lista , H30 , H60 ,,,,,,,
206243,285/45R19-107W RH07 HANKOOK," $8,863.75 "," $9,085.34 "," $9,395.57 ",,,,,,,
205569,255/60R18-108V RH07 R  HANKOOK," $6,778.80 "," $6,948.26 "," $7,185.52 ",,,,,,,
205984,235/60R18-107V RH07 XL 4T HANKOOK," $4,744.72 "," $4,863.34 "," $5,029.41 ",,,,,,,
205568,255/60R17-106V RH07 R  HANKOOK," $6,061.82 "," $6,213.37 "," $6,425.53 ",,,,,,,
MATERIAL,DYNAPRO HTRH12, Precio Lista , H30 , H60 ,,,,,,,
207120,265/60R18-110T RH12 4T HANKOOK," $4,280.38 "," $4,387.38 "," $4,537.20 ",,,,,,,
206244,225/65R17-102H RH12 HANKOOK," $5,225.00 "," $5,355.62 "," $5,538.50 ",,,,,,,
207103,275/55R20 113T RH12 4T HANKOOK," $4,432.65 "," $4,543.47 "," $4,698.61 ",,,,,,,
206123,P235/70R16-107T RH12 4T LW HANKOOK," $3,643.02 "," $3,734.10 "," $3,861.60 ",,,,,,,
206142,P265/75R16-114T RH12 4T LW HANKOOK," $5,042.31 "," $5,168.37 "," $5,344.85 ",,,,,,,
207101,P245/75R16-109S RH12 4T HANKOOK," $3,078.26 "," $3,155.22 "," $3,262.96 ",,,,,,,
MATERIAL,DYNAPRO HP  RA23, Precio Lista , H30 , H60 ,,,,,,,
205016,215/60R17- 96H RA23 R 4T HANKOOK," $4,391.62 "," $4,501.41 "," $4,655.12 ",,,,,,,
206010,225/65R16-104T RA23 4T HANKOOK," $3,981.86 "," $4,081.40 "," $4,220.77 ",,,,,,,
205986,225/75R16-104H RA23 4T HANKOOK," $4,420.11 "," $4,530.61 "," $4,685.31 ",,,,,,,
201143,235/70R16-106H RA23 R  4T HANKOOK," $4,348.06 "," $4,456.76 "," $4,608.95 ",,,,,,,
201195,225/70R15-100H RA23 R  4T HANKOOK," $3,518.34 "," $3,606.30 "," $3,729.44 ",,,,,,,
MATERIAL,RA33 , Precio Lista , H30 , H60 ,,,,,,,
207105,235/55R19-101V RA33 4T HANKOOK," $5,449.08 "," $5,585.30 "," $5,776.02 ",,,,,,,
206766,285/60R18- 116V  RA33 4T HANKOOK," $7,868.88 "," $8,065.61 "," $8,341.02 ",,,,,,,
207725,265/60R18-110V RA33 HANKOOK," $6,207.59 "," $6,362.78 "," $6,580.05 ",,,,,,,
206772,265/70R18-116H  RA33  4T HANKOOK," $6,209.08 "," $6,364.31 "," $6,581.62 ",,,,,,,
206919,225/60R17-99H RA33 4T HANKOOK," $5,249.72 "," $5,380.96 "," $5,564.70 ",,,,,,,
206824,215/60R17-96V RA33 4T  HANKOOK," $4,759.56 "," $4,878.55 "," $5,045.13 ",,,,,,,
207160,235/60R16-100H RA33 4T HANKOOK," $4,251.44 "," $4,357.73 "," $4,506.53 ",,,,,,,
206785,275/60R20-115H RA33   4T HANKOOK," $9,636.69 "," $9,877.61 "," $10,214.90 ",,,,,,,
207629,265/50R20 107V RA33 HANKOOK," $11,140.22 "," $11,418.72 "," $11,808.63 ",,,,,,,
206780,245/55R19-103H  RA33 4T HANKOOK," $6,965.61 "," $7,139.75 "," $7,383.54 ",,,,,,,
206767,275/60R18-113H RA33   4T HANKOOK," $7,138.93 "," $7,317.40 "," $7,567.26 ",,,,,,,
207359,275/65R18 116H RA33 HANKOOK," $6,770.86 "," $6,940.13 "," $7,177.11 ",,,,,,,
207666,255/60R18-112V RA33 HANKOOK," $6,524.49 "," $6,687.60 "," $6,915.96 ",,,,,,,
206768,255/55R18-109V RA33  4T HANKOOK," $6,263.04 "," $6,419.62 "," $6,638.83 ",,,,,,,
207026,245/60R18-105H RA33 4T HANKOOK," $6,078.13 "," $6,230.09 "," $6,442.82 ",,,,,,,
207104,235/60R18-103V RA33  4T HANKOOK," $4,880.50 "," $5,002.51 "," $5,173.33 ",,,,,,,
206769,235/65R18-106H RA33 4T HANKOOK," $5,909.34 "," $6,057.07 "," $6,263.90 ",,,,,,,
206765,285/65R17-116H RA33  4T HANKOOK," $6,639.68 "," $6,805.67 "," $7,038.06 ",,,,,,,
206764,275/65R17-115H RA33 4T  HANKOOK," $6,489.82 "," $6,652.07 "," $6,879.21 ",,,,,,,
207023,265/65R17-112H RA33  4T HANKOOK," $5,452.47 "," $5,588.78 "," $5,779.61 ",,,,,,,
207021,245/65R17-111H RA33 4T HANKOOK," $5,124.10 "," $5,252.20 "," $5,431.54 ",,,,,,,
207182,235/60R17-102V RA33  4T HANKOOK," $6,065.09 "," $6,216.72 "," $6,428.99 ",,,,,,,
207102,235/65R17-104H RA33 4T HANKOOK," $3,520.04 "," $3,608.04 "," $3,731.24 ",,,,,,,
207170,275/70R16-114H RA33  4T HANKOOK," $3,861.22 "," $3,957.75 "," $4,092.89 ",,,,,,,
207025,265/70R16-112H RA33  4T HANKOOK," $5,054.28 "," $5,180.64 "," $5,357.54 ",,,,,,,
207030,245/70R16-111H RA33R  4T HANKOOK," $4,990.32 "," $5,115.08 "," $5,289.74 ",,,,,,,
207164,235/70R16-106H RA33   4T HANKOOK," $4,970.92 "," $5,095.20 "," $5,269.18 ",,,,,,,
206918,225/70R16-103H RA33  4T HANKOOK," $4,417.02 "," $4,527.45 "," $4,682.04 ",,,,,,,
207608,215/65R16-98H RA33 4T HANKOOK," $4,376.21 "," $4,485.61 "," $4,638.78 ",,,,,,,
207258,215/70R16-100H RA33 HANKOOK," $4,213.03 "," $4,318.35 "," $4,465.81 ",,,,,,,
207163,265/70R15-112H RA33   4T HANKOOK," $5,001.16 "," $5,126.19 "," $5,301.23 ",,,,,,,
207165,235/75R15-105H RA33 HANKOOK," $4,012.78 "," $4,113.10 "," $4,253.55 ",,,,,,,
207166,215/70R15-98H RA33  4T HANKOOK," $3,180.39 "," $3,259.90 "," $3,371.21 ",,,,,,,
MATERIAL,DYNAPRO ATM RF10, Precio Lista , H30 , H60 ,,,,,,,
207131,265/60R18-114T RF10 XL HANKOOK," $6,943.49 "," $7,117.08 "," $7,360.10 ",,,,,,,
207595,P235/60R18 102T RF10 HANKOOK," $4,967.41 "," $5,091.60 "," $5,265.46 ",,,,,,,
201214,265/65R17-112T RF10 HANKOOK," $5,546.94 "," $5,685.62 "," $5,879.76 ",,,,,,,
201215,P265/70R17-113T RF10 LW 4T HANKOOK," $7,547.54 "," $7,736.23 "," $8,000.40 ",,,,,,,
206616,265/70R16-112T RF10 LW HANKOOK," $5,158.90 "," $5,287.87 "," $5,468.43 ",,,,,,,
206112,195/80R15-96T RF10 4T HANKOOK," $4,743.31 "," $4,861.89 "," $5,027.91 ",,,,,,,
205110,P245/70R16-111T RF10 04T LW HANKOOK," $4,818.40 "," $4,938.86 "," $5,107.51 ",,,,,,,
205102,P255/65R16-106T RF10 04T LW HANKOOK," $7,168.31 "," $7,347.51 "," $7,598.40 ",,,,,,,
207037,275/55R20-113T RF10 HANKOOK," $7,370.98 "," $7,555.26 "," $7,813.24 ",,,,,,,
207031,P275/60R20-114T  RF10 4T HANKOOK," $10,140.38 "," $10,393.89 "," $10,748.80 ",,,,,,,
205594,P275/65R18 114T RF10 04T HANKOOK," $7,282.59 "," $7,464.66 "," $7,719.55 ",,,,,,,
205612,P255/60R18-107T RF10 R  HANKOOK," $7,146.66 "," $7,325.33 "," $7,575.46 ",,,,,,,
205567,P255/65R17-110T RF10 HANKOOK," $6,310.68 "," $6,468.45 "," $6,689.32 ",,,,,,,
205104,P245/70R17-T RF10 04T LW HANKOOK," $6,634.24 "," $6,800.09 "," $7,032.29 ",,,,,,,
206009,LT315/70R17 121/118R RF10 8T LW HANKOOK," $9,716.93 "," $9,959.85 "," $10,299.94 ",,,,,,,
207326,245/65R17-111T RF10 4T HANKOOK," $5,693.13 "," $5,835.46 "," $6,034.72 ",,,,,,,
206111,205/80R16-104T RF10 4T HANKOOK," $4,669.66 "," $4,786.40 "," $4,949.84 ",,,,,,,
201213,255/70R16-111T RF10 HANKOOK," $7,910.96 "," $8,108.73 "," $8,385.61 ",,,,,,,
205610,P245/75R16 T109 RF10 4T LW HANKOOK," $5,067.15 "," $5,193.83 "," $5,371.18 ",,,,,,,
205108,P225/70R16- 103T RF10 04T LW HANKOOK," $5,056.57 "," $5,182.98 "," $5,359.96 ",,,,,,,
205115,LT285/75R16 126/123R RF10 10T LW HANKOOK," $10,061.00 "," $10,312.53 "," $10,664.67 ",,,,,,,
206651,P265/75R16-114T RF10 4T LW HANKOOK," $6,022.22 "," $6,172.77 "," $6,383.55 ",,,,,,,
205136,LT235/85R16- 120/116R  RF10 10T HANKOOK," $6,245.72 "," $6,401.86 "," $6,620.46 ",,,,,,,
205138,P225/75R16-106T RF10 4T LW HANKOOK," $5,329.88 "," $5,463.13 "," $5,649.67 ",,,,,,,
205112,LT215/85R16- 115/112R  RF10 LW HANKOOK," $5,692.93 "," $5,835.25 "," $6,034.50 ",,,,,,,
205609,P255/70R15-108T RF10 R LB 4T HANKOOK," $5,212.66 "," $5,342.97 "," $5,525.42 ",,,,,,,
205111,30X9.5R15 RF10 06T LW HANKOOK," $5,768.41 "," $5,912.62 "," $6,114.51 ",,,,,,,
207020,31X10.5R15 109R RF10 LW HANKOOK," $6,811.74 "," $6,982.04 "," $7,220.45 ",,,,,,,
206664,235/75R15-109T  RF10 LW HANKOOK," $5,140.98 "," $5,269.50 "," $5,449.43 ",,,,,,,
205137,P225/70R15-T RF10 4T HANKOOK," $4,615.71 "," $4,731.11 "," $4,892.66 ",,,,,,,
207032,LT215/75R15 100/97S RF10 6T LW HANKOOK," $4,866.09 "," $4,987.74 "," $5,158.05 ",,,,,,,
MATERIAL,DYNAPRO MT  RT01, Precio Lista , H30 , H60 ,,,,,,,
200971,27X8.5-R14-101Q RT01 R  8T HANKOOK," $4,899.57 "," $5,022.06 "," $5,193.54 ",,,,,,,
MATERIAL,DYNAPRO MT  RT03, Precio Lista , H30 , H60 ,,,,,,,
205996,LT265/75R16 123/120Q RT03 10T HANKOOK," $8,944.22 "," $9,167.83 "," $9,480.88 ",,,,,,,
207081,LT265/70R17- 121/118Q RT03 HANKOOK," $10,351.37 "," $10,610.15 "," $10,972.45 ",,,,,,,
205613,LT285/75R16 126/123Q RT03 10T HANKOOK," $10,384.39 "," $10,644.00 "," $11,007.45 ",,,,,,,
200966,LT265/75R16-123Q RT03 R LW 8T HANKOOK," $7,850.61 "," $8,046.88 "," $8,321.65 ",,,,,,,
201006,LT245/75R16-120Q RT03 R  10T HANKOOK," $7,562.17 "," $7,751.23 "," $8,015.90 ",,,,,,,
201023,LT235/85R16-120Q RT03 R  10T HANKOOK," $7,464.84 "," $7,651.46 "," $7,912.73 ",,,,,,,
201005,LT225/75R16-115/112Q RT03 R  10T HANKOOK," $6,755.25 "," $6,924.13 "," $7,160.56 ",,,,,,,
201028,LT215/85R16-115Q RT03 R  10T HANKOOK," $7,575.18 "," $7,764.56 "," $8,029.69 ",,,,,,,
201024,LT235/75R15-104-101Q RT03 LW 6T HANKOOK," $6,098.58 "," $6,251.05 "," $6,464.50 ",,,,,,,
200965,LT215/75R15-100Q RT03 R LW 6T HANKOOK," $5,394.00 "," $5,528.85 "," $5,717.64 ",,,,,,,
200964,31X10.5-R15-109Q RT03 R LW 6T HANKOOK," $6,652.28 "," $6,818.58 "," $7,051.41 ",,,,,,,
MATERIAL,DU01, Precio Lista , H30 , H60 ,,,,,,,
207430,5.00-R12 83/81P DU01 HANKOOK," $2,720.75 "," $2,788.76 "," $2,883.99 ",,,,,,,
MATERIAL,F30, Precio Lista , H30 , H60 ,,,,,,,
207614,"        5,50-R13 F30 8T HANKOOK"," $4,349.67 "," $4,458.41 "," $4,610.65 ",,,,,,,
MATERIAL,F19, Precio Lista , H30 , H60 ,,,,,,,
200599,"    7,50-R16-121L F19 R  14T HANKOOK"," $7,451.45 "," $7,637.73 "," $7,898.53 ",,,,,,,
,NEVERAS,,,,,,,,,,
MATERIAL,W401, Precio Lista , H30 , H60 ,,,,,,,
200417,155-R12-76Q W401  HANKOOK," $2,516.46 "," $2,579.37 "," $2,667.45 ",,,,,,,
MATERIAL,W310, Precio Lista , H30 , H60 ,,,,,,,
206460,235/45R18-98V W310 HANKOOK," $2,833.51 "," $2,904.34 "," $3,003.52 ",,,,,,,
206439,225/40R18-92V W310 HANKOOK," $3,404.95 "," $3,490.08 "," $3,609.25 ",,,,,,,
206468,235/65R17-108V W310 HANKOOK," $5,458.46 "," $5,594.92 "," $5,785.96 ",,,,,,,
206442,225/45R17-94V W310 HANKOOK," $3,182.61 "," $3,262.18 "," $3,373.57 ",,,,,,,
206448,225/55R17-97H W310 HANKOOK," $2,424.79 "," $2,485.41 "," $2,570.28 ",,,,,,,
206417,215/45R17-91V W310 HANKOOK," $2,982.88 "," $3,057.45 "," $3,161.85 ",,,,,,,
206427,215/55R17-98V W310 HANKOOK," $2,831.74 "," $2,902.53 "," $3,001.64 ",,,,,,,
206398,205/45R16-87H W310 HANKOOK," $2,607.38 "," $2,672.57 "," $2,763.82 ",,,,,,,
206405,205/60R15-91H W310 HANKOOK," $2,676.11 "," $2,743.01 "," $2,836.68 ",,,,,,,
206408,205/65R15-94H W310 HANKOOK," $3,438.80 "," $3,524.77 "," $3,645.12 ",,,,,,,
206383,195/55R15-89H W310 HANKOOK," $3,056.70 "," $3,133.12 "," $3,240.10 ",,,,,,,
MATERIAL,W419, Precio Lista , H30 , H60 ,,,,,,,
206459,235/45R17-97T W419 HANKOOK," $4,979.98 "," $5,104.48 "," $5,278.78 ",,,,,,,
206462,235/55R17- 103T W419 HANKOOK," $6,154.08 "," $6,307.94 "," $6,523.33 ",,,,,,,
206440,225/45R17-94T XL W419 HANKOOK," $4,242.77 "," $4,348.84 "," $4,497.33 ",,,,,,,
206449,225/55R17- 101T W419 HANKOOK," $5,032.14 "," $5,157.94 "," $5,334.06 ",,,,,,,
206416,215/45R17-91T W419 HANKOOK," $3,418.58 "," $3,504.04 "," $3,623.69 ",,,,,,,
206418,215/50R17-95T W419 HANKOOK," $4,307.82 "," $4,415.51 "," $4,566.29 ",,,,,,,
206425,215/55R17-98T W419 HANKOOK," $3,037.78 "," $3,113.72 "," $3,220.04 ",,,,,,,
206401,205/55R16-91T W419 HANKOOK," $3,588.68 "," $3,678.40 "," $3,804.00 ",,,,,,,
206406,205/60R15-91T W419 HANKOOK," $3,250.41 "," $3,331.67 "," $3,445.44 ",,,,,,,
206409,205/65R15-94T W419 HANKOOK," $3,503.20 "," $3,590.78 "," $3,713.40 ",,,,,,,
206391,195/60R15-92T W419 HANKOOK," $2,702.76 "," $2,770.33 "," $2,864.93 ",,,,,,,
206394,195/65R15-95T XL W419 HANKOOK," $3,424.35 "," $3,509.96 "," $3,629.81 ",,,,,,,
206376,185/65R14-90T W419 HANKOOK," $2,367.33 "," $2,426.51 "," $2,509.37 ",,,,,,,
206381,185/70R14-92T W419 HANKOOK," $1,576.04 "," $1,615.44 "," $1,670.60 ",,,,,,,
206508,215/55R16-93T W419 HANKOOK," $3,338.08 "," $3,421.53 "," $3,538.36 ",,,,,,,
MATERIAL,RW06, Precio Lista , H30 , H60 ,,,,,,,
206431,215/60R17 109/107B RW06 8T HANKOOK," $4,700.23 "," $4,817.74 "," $4,982.25 ",,,,,,,
206453,225/65R16 112/110T RW06 8T HANKOOK," $4,252.85 "," $4,359.17 "," $4,508.02 ",,,,,,,
MATERIAL,W606, Precio Lista , H30 , H60 ,,,,,,,
206438,225/40R18-88T W606 HANKOOK," $5,311.73 "," $5,444.52 "," $5,630.43 ",,,,,,,
206463,235/55R17-99T W606 HANKOOK," $3,276.01 "," $3,357.91 "," $3,472.58 ",,,,,,,
206445,225/50R17-94T W606 HANKOOK," $5,103.86 "," $5,231.46 "," $5,410.10 ",,,,,,,
206382,195/50R16-84T W606 HANKOOK," $3,783.91 "," $3,878.51 "," $4,010.95 ",,,,,,,
206410,205/65R15-94T W606 HANKOOK," $3,299.16 "," $3,381.64 "," $3,497.11 ",,,,,,,
206392,195/60R15-88T W606 HANKOOK," $2,541.57 "," $2,605.11 "," $2,694.06 ",,,,,,,
206370,185/55R15-82T W606  HANKOOK," $1,971.36 "," $2,020.64 "," $2,089.64 ",,,,,,,
206373,185/60R14-82T W606 HANKOOK," $2,329.63 "," $2,387.87 "," $2,469.40 ",,,,,,,
206424,215/55R16-93T W606 HANKOOK," $3,178.34 "," $3,257.80 "," $3,369.04 ",,,,,,,
MATERIAL,RW11, Precio Lista , H30 , H60 ,,,,,,,
206450,225/55R17-97T RW11 HANKOOK," $4,340.21 "," $4,448.71 "," $4,600.62 ",,,,,,,
206455,225/65R17-102T RW11 HANKOOK," $6,033.44 "," $6,184.27 "," $6,395.44 ",,,,,,,
206433,215/60R17-96T RW11 HANKOOK," $4,866.40 "," $4,988.06 "," $5,158.39 ",,,,,,,
206474,245/70R16-107T RW11 HANKOOK," $5,738.15 "," $5,881.60 "," $6,082.44 ",,,,,,,
207714,255/50R19-103T RW11 HANKOOK," $9,896.75 "," $10,144.17 "," $10,490.55 ",,,,,,,
206557,245/70R17-110T RW11HANKOOK," $6,837.60 "," $7,008.54 "," $7,247.86 ",,,,,,,
MATERIAL,RW09, Precio Lista , H30 , H60 ,,,,,,,
206457,225/70R15 RW09 8T HANKOOK," $3,993.70 "," $4,093.54 "," $4,233.32 ",,,,,,,
207199,195R14C - 106/104R RW09  8T HANKOOK," $4,217.75 "," $4,323.19 "," $4,470.81 ",,,,,,,
MATERIAL,W616 NUEVO!!, Precio Lista , H30 , H60 ,,,,,,,
207712,185/55R15-86T W616 HANKOOK," $2,958.12 "," $3,032.08 "," $3,135.61 ",,,,,,,
207713,235/55R17-103T W616 HANKOOK," $5,763.67 "," $5,907.76 "," $6,109.49 ",,,,,,,
