19899,K107,VENTUS S1 Evo K107 225-35-R18-87Y,publish,206101,,4587.33925,3669.8714,20,,,Nunca Actualizado | Codigo de Producto (SKU) No Existe
19900,K107,VENTUS S1 Evo K107 225-40-R18-88W,publish,206225,,7806.045125,6244.8361,20,,,Nunca Actualizado | Codigo de Producto (SKU) No Existe
19966,K120,VENTUS V12 Evo2 K120 245-45-R20-103Y,publish,206762,,9098.960375,7279.1683,20,,,Nunca Actualizado | Codigo de Producto (SKU) No Existe
19977,K120,VENTUS V12 Evo2 K120 265-35-R18-97Y,publish,207159,,7659.483875,6127.5871,20,,,Nunca Actualizado | Codigo de Producto (SKU) No Existe
20010,K424,OPTIMO ME02 K424 235-60-R16-100H,publish,206620,,3962.707,3170.1656,20,,,Nunca Actualizado | Codigo de Producto (SKU) No Existe
20020,RA33,DYNAPRO HP2 RA33 215-70-R16-100H,publish,207258,,4906.310375,3925.0483,20,,,Nunca Actualizado | Codigo de Producto (SKU) No Existe
20043,RA33,DYNAPRO HP2 RA33 4T 275-65-R17-115H,publish,206764,,7131.54575,5705.2366,20,,,Nunca Actualizado | Codigo de Producto (SKU) No Existe
20282,W419,WINTER I*Pike RS W419 XL 175-65-R14-86T,publish,206364,,2686.958625,2149.5669,20,,,Nunca Actualizado | Codigo de Producto (SKU) No Existe
20283,W419,WINTER I*Pike RS W419 XL 185-60-R15-88T,publish,206374,,3331.8735,2665.4988,20,,,Nunca Actualizado | Codigo de Producto (SKU) No Existe
20284,W419,WINTER I*Pike RS W419 185-65-R14-90T,publish,206376,,2799.912125,2239.9297,20,,,Nunca Actualizado | Codigo de Producto (SKU) No Existe
20286,W419,WINTER I*Pike RS W419 XL 195-55-R15-89T,publish,206384,,3403.35425,2722.6834,20,,,Nunca Actualizado | Codigo de Producto (SKU) No Existe
20288,W419,WINTER I*Pike RS W419 XL 195-65-R15-95T,publish,206394,,3610.733125,2888.5865,20,,,Nunca Actualizado | Codigo de Producto (SKU) No Existe
20289,W419,WINTER I*Pike RS W419 205-55-R16-91T,publish,206401,,4262.787,3410.2296,20,,,Nunca Actualizado | Codigo de Producto (SKU) No Existe
20294,W419,WINTER I*Pike RS W419 215-55-R16-93T,publish,206508,,3667.421625,2933.9373,20,,,Nunca Actualizado | Codigo de Producto (SKU) No Existe
20295,W419,WINTER I*Pike RS W419 215-55-R16-93T,publish,206424,,3506.86975,2805.4958,20,,,Nunca Actualizado | Codigo de Producto (SKU) No Existe
20297,W419,WINTER I*Pike RS W419 215-65-R16-98T,publish,206435,,5035.205625,4028.1645,20,,,Nunca Actualizado | Codigo de Producto (SKU) No Existe
20308,K415,OPTIMO K415 175-60-R14-79H,publish,201039,,2886.033875,2308.8271,20,,,Nunca Actualizado | Codigo de Producto (SKU) No Existe
20309,K415,OPTIMO K415 4T 175-60-R15-81H,publish,206114,,2890.722625,2312.5781,20,,,Nunca Actualizado | Codigo de Producto (SKU) No Existe
20311,K415,OPTIMO K415 185-65-R15-88H,publish,201107,,2611.46975,2089.1758,20,,,Nunca Actualizado | Codigo de Producto (SKU) No Existe
20314,K415,OPTIMO K415 4T 205-55-R16-91H,publish,207162,,4156.67,3325.336,20,,,Nunca Actualizado | Codigo de Producto (SKU) No Existe
20315,K415,OPTIMO K415 205-60-R15-91H,publish,206556,,3209.5425,2567.634,20,,,Nunca Actualizado | Codigo de Producto (SKU) No Existe
