206238,OPTIMO K715,,
201147,OPTIMO K715,,
201117,OPTIMO K715,,
201119,OPTIMO K715,,
207767,OPTIMO K715,,
205500,OPTIMO K715,,
201146,OPTIMO K715,,
201114,OPTIMO K715,,
201111,OPTIMO K715,,
201113,OPTIMO K715,,
201115,OPTIMO K715,,
201110,OPTIMO K715,,
201112,OPTIMO K715,,
206226,OPTIMO H724,,
205507,OPTIMO H724,,
205573,OPTIMO H724,,
207610,OPTIMO H724,,
205990,OPTIMO H724,,
205819,OPTIMO H724,,
206235,VENTUS V4 ES H105,,
207106,KINERGY ECO K425,,
207611,KINERGY ECO K425,,
206022,KINERGY ECO K425,,
207108,KINERGY ECO K425,,
206509,VENTUS V2 CONCEPT H437,,
206513,VENTUS V2 CONCEPT H437,,
206511,VENTUS V2 CONCEPT H437,,
206630,VENTUS V2 CONCEPT H437,,
206512,VENTUS V2 CONCEPT H437,,
206514,VENTUS V2 CONCEPT H437,,
207669, H452,,
207625, H452,,
207585, H452,,
207448,VENTUS V2 CONCEPT 2 H457,,
207624,VENTUS V2 CONCEPT 2 H457,,
207668,VENTUS V2 CONCEPT 2 H457,,
207678,VENTUS V2 CONCEPT 2 H457,,
207677,VENTUS V2 CONCEPT 2 H457,,
207450,VENTUS V2 CONCEPT 2 H457,,
207633,VENTUS V2 CONCEPT 2 H457,,
207452,VENTUS V2 CONCEPT 2 H457,,
207673,VENTUS V2 CONCEPT 2 H457,,
207675,VENTUS V2 CONCEPT 2 H457,,
207672,VENTUS V2 CONCEPT 2 H457,,
207594,VENTUS V2 CONCEPT 2 H457,,
207674,VENTUS V2 CONCEPT 2 H457,,
207435,VENTUS V2 CONCEPT 2 H457,,
207017,OPTIMO H426,,
206121,OPTIMO H426,,
207768,OPTIMO H426,,
206109,OPTIMO H426,,
206119,OPTIMO H426,,
205576,OPTIMO H426,,
206137,OPTIMO H426,,
206135,OPTIMO H426,,
201163,VENTUS V12 EVO K110,,
201122,VENTUS V12 EVO K110,,
200842,VENTUS S1 EVO K107,,
207100,VENTUS PRIME 2K115,,
207759,VENTUS PRIME 2K115,,
206892,VENTUS PRIME 2K115,,
206230,VENTUS PRIME 2K115,,
206028,VENTUS PRIME 2K115,,
206029,VENTUS PRIME 2K115,,
206023,VENTUS PRIME 2K115,,
206030,VENTUS PRIME 2K115,,
206759,K117A  VENTUS S1 EVO2,,
207732,K117A  VENTUS S1 EVO2,,
206784,K117A  VENTUS S1 EVO2,,
206783,K117A  VENTUS S1 EVO2,,
206779,K117A  VENTUS S1 EVO2,,
206926,K117A  VENTUS S1 EVO2,,
207587,K117A  VENTUS S1 EVO2,,
207322,K117A  VENTUS S1 EVO2,,
207734,K117A  VENTUS S1 EVO2,,
206773,K117A  VENTUS S1 EVO2,,
206782,K120 VENTUS V12 EVO2,,
207727,K120 VENTUS V12 EVO2,,
206760,K120 VENTUS V12 EVO2,,
206921,K120 VENTUS V12 EVO2,,
207606,K120 VENTUS V12 EVO2,,
207627,VANTRA/RA18,,
207257,VANTRA/RA18,,
207327,VANTRA/RA18,,
207681,VANTRA/RA18,,
207665,VANTRA/RA18,,
207111,VANTRA/RA18,,
207027,VANTRA/RA18,,
207667,VANTRA/RA18,,
206613,RADIAL RA14,,
205382,RADIAL  RA08,,
200660,RADIAL  RA08,,
201157,RADIAL  RA08,,
200456,RADIAL  RA08,,
201015,RADIAL  RA08,,
207329,RADIAL  RA08,,
200454,RADIAL  RA08,,
200440,RADIAL  RA08,,
200436,RADIAL  RA08,,
207158,VENTUS ST RH06,,
201102,VENTUS ST RH06,,
201177,VENTUS ST RH06,,
201178,VENTUS ST RH06,,
200819,VENTUS ST RH06,,
206243,DYNAPRO AS RH07,,
207120,DYNAPRO HTRH12,,
206244,DYNAPRO HTRH12,,
207103,DYNAPRO HTRH12,,
206142,DYNAPRO HTRH12,,
207101,DYNAPRO HTRH12,,
205123,DYNAPRO HP  RA23,,
207725,RA33 ,,
206771,RA33 ,,
207666,RA33 ,,
207036,RA33 ,,
207731,RA33 ,,
207608,RA33 ,,
207163,RA33 ,,
201213,DYNAPRO ATM RF10,,
205136,DYNAPRO ATM RF10,,
205375,DYNAPRO ATM RF10,,
205609,DYNAPRO ATM RF10,,
206664,DYNAPRO ATM RF10,,
200971,DYNAPRO MT  RT01,,
205996,DYNAPRO MT  RT03,,
207081,DYNAPRO MT  RT03,,
205613,DYNAPRO MT  RT03,,
201006,DYNAPRO MT  RT03,,
201023,DYNAPRO MT  RT03,,
201005,DYNAPRO MT  RT03,,
201028,DYNAPRO MT  RT03,,
201024,DYNAPRO MT  RT03,,
200965,DYNAPRO MT  RT03,,
200964,DYNAPRO MT  RT03,,
207430,DU01,,
200599,F19,,
200417,W401,,
206460,W310,,
206439,W310,,
206468,W310,,
206442,W310,,
206448,W310,,
206417,W310,,
206427,W310,,
206398,W310,,
206405,W310,,
206408,W310,,
206383,W310,,
206438,W606,,
206463,W606,,
206410,W606,,
206370,W606,,
206476,RW11,,
206461,RW11,,
206601,RW11,,
206455,RW11,,
206474,RW11,,
206557,RW11,,
207715,RW11,,
207714,RW11,,
206557,RW11,,
207199,RW09,,
207713,W616,,
207712,W616,,
