18352,AC02,C.DRIVE 2 AC02 RUN FLAT // 235-50-RF18-97V-ZPS-4T,publish,206858,Nunca Actualizado | Bad SKU
18194,ES32,BLUEARTH-ES ES32 // 175-65-R14-82H,publish,207352,Nunca Actualizado | Bad SKU
18198,ES32,BLUEARTH-ES ES32 // 175-70-R13-82T,publish,207354,Nunca Actualizado | Bad SKU
18207,ES32,BLUEARTH-ES ES32 // 185-55-R16-83V,publish,207433,Nunca Actualizado | Bad SKU
18212,ES32,BLUEARTH-ES ES32 // 185-60-R15-88H,publish,207357,Nunca Actualizado | Bad SKU
18218,ES32,BLUEARTH-ES ES32 // 185-65-R15-88H,publish,207358,Nunca Actualizado | Bad SKU
18220,ES32,BLUEARTH-ES ES32 // 195-55-R15-85V,publish,207361,Nunca Actualizado | Bad SKU
18222,ES32,BLUEARTH-ES ES32 // 185-65-R14-86H,publish,207421,Nunca Actualizado | Bad SKU
18224,ES32,BLUEARTH-ES ES32 // 195-55-R16-87V 4T,publish,207434,Nunca Actualizado | Bad SKU
18226,ES32,BLUEARTH-ES ES32 // 195-65-R15-95V,publish,207363,Nunca Actualizado | Bad SKU
18228,ES32,BLUEARTH-ES ES32 // 195-70-R14-91H,publish,207364,Nunca Actualizado | Bad SKU
18230,ES32,BLUEARTH-ES ES32 // 205-45-R16-83V,publish,207438,Nunca Actualizado | Bad SKU
18232,ES32,BLUEARTH-ES ES32 // 205-60-R16-92H,publish,207340,Nunca Actualizado | Bad SKU
18234,ES32,BLUEARTH-ES ES32 // 215-55-R16-97V,publish,207441,Nunca Actualizado | Bad SKU
18236,ES32,BLUEARTH-ES ES32 // 215-55-R17-94V,publish,207341,Nunca Actualizado | Bad SKU
18238,ES32,BLUEARTH-ES ES32 // 216-60-R16-99V,publish,207342,Nunca Actualizado | Bad SKU
18240,ES32,BLUEARTH-ES ES32 // 225-40-R18-92W,publish,207416,Nunca Actualizado | Bad SKU
18242,ES32,BLUEARTH-ES ES32 // 225-45-R17-94V,publish,207419,Nunca Actualizado | Bad SKU
18244,ES32,BLUEARTH-ES ES32 // 235-45-R17-97W,publish,207445,Nunca Actualizado | Bad SKU
18247,ES32,BLUEARTH-ES ES32 // 195-60-R15-88H,publish,207362,Nunca Actualizado | Bad SKU
18249,ES32,BLUEARTH-ES ES32 // 215-45-R17-91V,publish,207439,Nunca Actualizado | Bad SKU
18251,ES32,BLUEARTH-ES ES32 // 205-65-R15-99H,publish,207369,Nunca Actualizado | Bad SKU
18253,ES32,BLUEARTH-ES ES32 // 205-40-R17-84V,publish,207463,Nunca Actualizado | Bad SKU
18255,ES32,BLUEARTH-ES ES32 // 185-60-R14-82H,publish,207356,Nunca Actualizado | Bad SKU
18257,ES32,BLUEARTH-ES ES32 // 155-60-R15-74H,publish,207462,Nunca Actualizado | Bad SKU
18639,G001C,GEOLANDAR M/T G001C // 30x9.5-R15-104Q,publish,205461,Nunca Actualizado | Bad SKU
18640,G001C,GEOLANDAR M/T G001C // 33x12.5-R15-108Q,publish,205424,Nunca Actualizado | Bad SKU
18641,G001C,GEOLANDAR M/T G001C // 35x12.5-R15-113Q,publish,205310,Nunca Actualizado | Bad SKU
18642,G001C,GEOLANDAR M/T G001C // LT235-85-R16-108Q RBL 6T,publish,202490,Nunca Actualizado | Bad SKU
18643,G001C,GEOLANDAR M/T G001C // LT265-70-R17-112Q RBL 4T,publish,202522,Nunca Actualizado | Bad SKU
18644,G001C,GEOLANDAR M/T G001C // LT265-75-R16-112Q RBL,publish,202489,Nunca Actualizado | Bad SKU
18645,G001C,GEOLANDAR M/T G001C // LT285-75-R16 116Q RBL,publish,202523,Nunca Actualizado | Bad SKU
18646,G001C,GEOLANDAR M/T G001C // LT31x10.5-R15-109Q 6T,publish,205403,Nunca Actualizado | Bad SKU
18628,G012,GEOLANDAR A/T-S G012 // 225-60-R17-99H,publish,201212,Nunca Actualizado | Bad SKU
18629,G012,GEOLANDAR A/T-S G012 // 225-65-R17-102H,publish,205044,Nunca Actualizado | Bad SKU
18630,G012,GEOLANDAR A/T-S G012 // 235-60-R16-100H RBL 6T,publish,202778,Nunca Actualizado | Bad SKU
18631,G012,GEOLANDAR A/T-S G012 // 235-65-R17-108H RBL 4T,publish,202721,Nunca Actualizado | Bad SKU
18632,G012,GEOLANDAR A/T-S G012 // 245-70-R16-107H RBL 4T,publish,202689,Nunca Actualizado | Bad SKU
18633,G012,GEOLANDAR A/T-S G012 // 265-60-R18-110H RBL 4T,publish,202810,Nunca Actualizado | Bad SKU
18634,G012,GEOLANDAR A/T-S G012 // 285-60-R18-116H,publish,206641,Nunca Actualizado | Bad SKU
18635,G012,GEOLANDAR A/T-S G012 // 285-65-R18-121R,publish,206807,Nunca Actualizado | Bad SKU
18636,G012,GEOLANDAR A/T-S G012 // LT315-70-R17-121R RBL 8T,publish,202720,Nunca Actualizado | Bad SKU
18613,G015,GEOLANDAR A/T G015 // 235-65-R17-108H,publish,207398,Nunca Actualizado | Bad SKU
18614,G015,GEOLANDAR A/T G015 // 265-60-R18-110H,publish,207400,Nunca Actualizado | Bad SKU
18615,G015,GEOLANDAR A/T G015 // 265-65-R17-112H,publish,207401,Nunca Actualizado | Bad SKU
18616,G015,GEOLANDAR A/T G015 // LT235-85-R16-120R,publish,207387,Nunca Actualizado | Bad SKU
18617,G015,GEOLANDAR A/T G015 // LT245-70-R17-119R,publish,207388,Nunca Actualizado | Bad SKU
18618,G015,GEOLANDAR A/T G015 // LT265-75-R16-123R,publish,207390,Nunca Actualizado | Bad SKU
18619,G015,GEOLANDAR A/T G015 // LT315-70-R17-121S,publish,207394,Nunca Actualizado | Bad SKU
18620,G015,GEOLANDAR A/T G015 // P265-70-R17-113T,publish,207396,Actualizado | No Figura en Lista
18621,G015,GEOLANDAR A/T G015 // P265-75-R16-114T,publish,207422,Nunca Actualizado | Bad SKU
18673,G033,GEOLANDAR SUV G033 // 215-70-R16-100H-6T,publish,202777,Nunca Actualizado | Bad SKU
18289,G055,GEOLANDAR SUV G055 // 205-70-R15-96H,publish,206361,Nunca Actualizado | Bad SKU
18291,G055,GEOLANDAR SUV G055 // 215-55-R17-94V,publish,206222,Nunca Actualizado | Bad SKU
18293,G055,GEOLANDAR SUV G055 // 215-55-R18-99V,publish,206864,Nunca Actualizado | Bad SKU
18295,G055,GEOLANDAR SUV G055 // 225-55-R17-97V,publish,206865,Nunca Actualizado | Bad SKU
18297,G055,GEOLANDAR SUV G055 // 225-55-R18-98V,publish,206866,Nunca Actualizado | Bad SKU
18299,G055,GEOLANDAR SUV G055 // 225-55-R19-99V,publish,206869,Nunca Actualizado | Bad SKU
18301,G055,GEOLANDAR SUV G055 // 225-65-R16-100H,publish,206212,Nunca Actualizado | Bad SKU
18303,G055,GEOLANDAR SUV G055 // 225-65-R17-102H,publish,206213,Nunca Actualizado | Bad SKU
18305,G055,GEOLANDAR SUV G055 // 235-55-R17-99H,publish,206223,Nunca Actualizado | Bad SKU
18307,G055,GEOLANDAR SUV G055 // 235-55-R19-101V,publish,206004,Nunca Actualizado | Bad SKU
18309,G055,GEOLANDAR SUV G055 // 235-60-R16-104V,publish,206215,Nunca Actualizado | Bad SKU
18311,G055,GEOLANDAR SUV G055 // 235-60-R17-102V,publish,206863,Nunca Actualizado | Bad SKU
18313,G055,GEOLANDAR SUV G055 // 235-60-R18-107V,publish,206216,Nunca Actualizado | Bad SKU
18315,G055,GEOLANDAR SUV G055 // 235-65-R17-108V,publish,206217,Nunca Actualizado | Bad SKU
18317,G055,GEOLANDAR SUV G055 // 245-60-R18-105H,publish,206506,Nunca Actualizado | Bad SKU
18319,G055,GEOLANDAR SUV G055 // 245-65-R17-107H,publish,206220,Nunca Actualizado | Bad SKU
18321,G055,GEOLANDAR SUV G055 // 255-55-R18-106H,publish,206867,Nunca Actualizado | Bad SKU
18323,G055,GEOLANDAR SUV G055 // 255-60-R17-106H,publish,206221,Nunca Actualizado | Bad SKU
18652,G056,GEOLANDAR H/T G056 // 235-75-R15-109H,publish,206937,Nunca Actualizado | Bad SKU
18653,G056,GEOLANDAR H/T G056 // 255-60-R18-112V,publish,207222,Nunca Actualizado | Bad SKU
18654,G056,GEOLANDAR H/T G056 // 255-65-R17-114H,publish,206940,Nunca Actualizado | Bad SKU
18655,G056,GEOLANDAR H/T G056 // 265-60-R18-110H,publish,206942,Nunca Actualizado | Bad SKU
18656,G056,GEOLANDAR H/T G056 // 265-70-R15-112H,publish,206943,Nunca Actualizado | Bad SKU
18657,G056,GEOLANDAR H/T G056 // 265-65-R17-112H,publish,206945,Nunca Actualizado | Bad SKU
18658,G056,GEOLANDAR H/T G056 // 265-75-R16-116H,publish,206946,Nunca Actualizado | Bad SKU
18659,G056,GEOLANDAR H/T G056 // 285-65-R17-116H-4T,publish,206950,Nunca Actualizado | Bad SKU
18665,G900,GEOLANDAR G900 // 215-60-R16-95V-4T,publish,202418,Nunca Actualizado | Bad SKU
18666,G900,GEOLANDAR G900 // 215-55-R17-94V,publish,202419,Nunca Actualizado | Bad SKU
18667,G91,GEOLANDAR G91 // 225-65-R17-101H-4T,publish,202700,Nunca Actualizado | Bad SKU
18668,G91,GEOLANDAR G91 // 225-65-R17-102H,publish,206646,Nunca Actualizado | Bad SKU
18669,G91,GEOLANDAR G91 // 225-60-R17-99V-G91F,publish,206005,Nunca Actualizado | Bad SKU
18670,G94,GEOLANDAR G94 // 285-65-R17-116H-4T,publish,202802,Nunca Actualizado | Bad SKU
18671,G94,GEOLANDAR G94 // 225-55-R17-97V-4T,publish,202809,Nunca Actualizado | Bad SKU
18672,G95,GEOLANDAR G95 // 225-60-R17-99V-G95A,publish,205040,Nunca Actualizado | Bad SKU
18495,IG35,ICE GUARD IG35 // 75-65-R14-86T,publish,206260,Nunca Actualizado | Bad SKU
18496,IG35,ICE GUARD IG35 // 175-70-R14-84T,publish,206261,Nunca Actualizado | Bad SKU
18497,IG35,ICE GUARD IG35 // 185-55-R15-86T,publish,206262,Nunca Actualizado | Bad SKU
18498,IG35,ICE GUARD IG35 // 185-55-R16-83T,publish,206263,Nunca Actualizado | Bad SKU
18499,IG35,ICE GUARD IG35 // 185-60-R15-88T,publish,206264,Nunca Actualizado | Bad SKU
18500,IG35,ICE GUARD IG35 // 185-65-R14-90T,publish,206265,Nunca Actualizado | Bad SKU
18501,IG35,ICE GUARD IG35 // 185-65-R15-92T,publish,206266,Nunca Actualizado | Bad SKU
18502,IG35,ICE GUARD IG35 // 185-70-R14-92T,publish,206267,Nunca Actualizado | Bad SKU
18503,IG35,ICE GUARD IG35 // 195-50-R15-82T,publish,206268,Nunca Actualizado | Bad SKU
18504,IG35,ICE GUARD IG35 // 195-55-R15-89T,publish,206269,Nunca Actualizado | Bad SKU
18505,IG35,ICE GUARD IG35 // 195-55-R16-91T,publish,206270,Nunca Actualizado | Bad SKU
18506,IG35,ICE GUARD IG35 // 195-60-R15-92T,publish,206271,Nunca Actualizado | Bad SKU
18507,IG35,ICE GUARD IG35 // 195-65-R15-95T,publish,206272,Nunca Actualizado | Bad SKU
18508,IG35,ICE GUARD IG35 // 205-50-R17-93T,publish,206273,Nunca Actualizado | Bad SKU
18509,IG35,ICE GUARD IG35 // 205-55-R16-94T,publish,206274,Nunca Actualizado | Bad SKU
18510,IG35,ICE GUARD IG35 // 205-60-R15-91T,publish,206275,Nunca Actualizado | Bad SKU
18511,IG35,ICE GUARD IG35 // 205-65-R15-99T,publish,206276,Nunca Actualizado | Bad SKU
18512,IG35,ICE GUARD IG35 // 205-70-R15-96T,publish,206277,Nunca Actualizado | Bad SKU
18513,IG35,ICE GUARD IG35 // 215-45-R17-91T,publish,206278,Nunca Actualizado | Bad SKU
18514,IG35,ICE GUARD IG35 // 215-50-R17-95T,publish,206279,Nunca Actualizado | Bad SKU
18515,IG35,ICE GUARD IG35 // 215-55-R16-97T,publish,206280,Nunca Actualizado | Bad SKU
18516,IG35,ICE GUARD IG35 // 215-55-R17-98T,publish,206281,Nunca Actualizado | Bad SKU
18517,IG35,ICE GUARD IG35 // 215-60-R16-99T,publish,206282,Nunca Actualizado | Bad SKU
18518,IG35,ICE GUARD IG35 // 215-60-R17-100T,publish,206283,Nunca Actualizado | Bad SKU
18519,IG35,ICE GUARD IG35 // 215-65-R16-102T,publish,206284,Nunca Actualizado | Bad SKU
18520,IG35,ICE GUARD IG35 // 215-70-R16-100T,publish,206285,Nunca Actualizado | Bad SKU
18521,IG35,ICE GUARD IG35 // 225-40-R18-92T,publish,206286,Nunca Actualizado | Bad SKU
18522,IG35,ICE GUARD IG35 // 225-50-R17-98T,publish,206287,Nunca Actualizado | Bad SKU
18523,IG35,ICE GUARD IG35 // 225-55-R16-99T,publish,206288,Nunca Actualizado | Bad SKU
18524,IG35,ICE GUARD IG35 // 225-55-R17-101T,publish,206289,Nunca Actualizado | Bad SKU
18525,IG35,ICE GUARD IG35 // 225-55-R18-98T,publish,206290,Nunca Actualizado | Bad SKU
18705,RY818,DELIVERY STAR RY818 // 195-80-R14C-108R-8T,publish,205495,Nunca Actualizado | Bad SKU
18706,RY818,DELIVERY STAR RY818 // 195-70-R15C-104R-8T,publish,202427,Nunca Actualizado | Bad SKU
18707,RY818,DELIVERY STAR RY818 // 195-75-R16C-107R-8T,publish,205487,Nunca Actualizado | Bad SKU
18708,RY818,DELIVERY STAR RY818 // 225-70-R15C-112R-8T,publish,202426,Nunca Actualizado | Bad SKU
18709,RY818,DELIVERY STAR RY818 // 225-75-R16C-121R,publish,205485,Nunca Actualizado | Bad SKU
18353,V103,ADVAN Sport V103 RUN FLAT // 195-55-RF16-87V,publish,202793,Nunca Actualizado | Bad SKU
18354,V103,ADVAN Sport V103 RUN FLAT // 245-40-RF18-93Y,publish,206193,Nunca Actualizado | Bad SKU
18355,V103,ADVAN Sport V103 RUN FLAT // 245-50-RF18-100W,publish,202794,Nunca Actualizado | Bad SKU
18356,V103,ADVAN Sport V103 RUN FLAT // 275-35-RF18-95Y,publish,207010,Nunca Actualizado | Bad SKU
18357,V103,ADVAN Sport V103 RUN FLAT // 225-50-RF17-94Y,publish,205427,Nunca Actualizado | Bad SKU
18358,V103,ADVAN Sport V103 RUN FLAT // 205-45-RF17-84V,publish,205220,Nunca Actualizado | Bad SKU
18359,V103,ADVAN Sport V103 RUN FLAT // 205-55-RF16-91W,publish,205221,Nunca Actualizado | Bad SKU
18360,V103,ADVAN Sport V103 RUN FLAT // 225-40-RF18-88Y,publish,205274,Nunca Actualizado | Bad SKU
18361,V103,ADVAN Sport V103 RUN FLAT // 225-45-RF17-91Y,publish,202792,Nunca Actualizado | Bad SKU
18362,V103,ADVAN Sport V103 RUN FLAT // 225-50-RF16-92W,publish,205980,Nunca Actualizado | Bad SKU
18363,V103,ADVAN Sport V103 RUN FLAT // 245-45-RF17-95Y,publish,205222,Nunca Actualizado | Bad SKU
18364,V103,ADVAN Sport V103 RUN FLAT // 255-40-RF17-94Y,publish,205259,Nunca Actualizado | Bad SKU
18418,V103,ADVAN Sport V103 // 225-45-R17-81W,publish,205252,Nunca Actualizado | Bad SKU
18419,V103,ADVAN Sport V103 // 225-45-R17-94Y,publish,202586,Nunca Actualizado | Bad SKU
18420,V103,ADVAN Sport V103 // 225-55-ZR17-101Y,publish,206191,Nunca Actualizado | Bad SKU
18421,V103,ADVAN Sport V103 // 235-50-ZR17-96Y,publish,202807,Nunca Actualizado | Bad SKU
18422,V103,ADVAN Sport V103 // 235-55-R17-99Y,publish,206192,Nunca Actualizado | Bad SKU
18423,V103,ADVAN Sport V103 // 255-35-ZR18-94Y,publish,202635,Nunca Actualizado | Bad SKU
18424,V103,ADVAN Sport V103 // 255-40-ZR17-94Y,publish,202637,Nunca Actualizado | Bad SKU
18425,V103,ADVAN Sport V103 // 255-40-ZR19-100Y,publish,202638,Nunca Actualizado | Bad SKU
18426,V103,ADVAN Sport V103 // 275-25-R20-91Y,publish,202621,Nunca Actualizado | Bad SKU
18427,V103,ADVAN Sport V103 // 255-55-R18-109Y,publish,206822,Nunca Actualizado | Bad SKU
18428,V103,ADVAN Sport V103 // 275-40-R20-106Y,publish,202814,Nunca Actualizado | Bad SKU
18429,V103,ADVAN Sport V103 // 295-35-R21-107Y,publish,202798,Nunca Actualizado | Bad SKU
18054,V105,ADVAN Sport V105 // 205-50Z-R17-93Y,publish,206080,Nunca Actualizado | Bad SKU
18388,V105,ADVAN Sport V105 // 205-55-R16-91V,publish,205712,Nunca Actualizado | Bad SKU
18389,V105,ADVAN Sport V105 // 205-55-ZR17-91Y,publish,206870,Nunca Actualizado | Bad SKU
18390,V105,ADVAN Sport V105 // 225-45-ZR17-94Y,publish,206081,Nunca Actualizado | Bad SKU
18391,V105,ADVAN Sport V105 // 225-45-ZR18-95Y,publish,206073,Nunca Actualizado | Bad SKU
18392,V105,ADVAN Sport V105 // 225-50-ZR17-98Y,publish,206074,Nunca Actualizado | Bad SKU
18459,V551,ADVAN dB DECIBEL V551 // 195-65-R15-91H,publish,205837,Nunca Actualizado | Bad SKU
18460,V551,ADVAN dB DECIBEL V551 // 205-55-R16-91W,publish,205522,Nunca Actualizado | Bad SKU
18461,V551,ADVAN dB DECIBEL V551 // 205-60-R15-91H,publish,205516,Nunca Actualizado | Bad SKU
18462,V551,ADVAN dB DECIBEL V551 // 205-60-R16-92V,publish,205517,Nunca Actualizado | Bad SKU
18463,V551,ADVAN dB DECIBEL V551 // 205-65-R15-92H,publish,206559,Nunca Actualizado | Bad SKU
18464,V551,ADVAN dB DECIBEL V551 // 225-45-R17-91W,publish,205621,Nunca Actualizado | Bad SKU
18465,V551,ADVAN dB DECIBEL V551 // 225-60-R16-98W,publish,206500,Nunca Actualizado | Bad SKU
18466,V551,ADVAN dB DECIBEL V551 // 235-60-R16-100W,publish,205519,Nunca Actualizado | Bad SKU
18467,V551,ADVAN dB DECIBEL V551 // 245-40-R17-91W,publish,205530,Nunca Actualizado | Bad SKU
18468,V551,ADVAN dB DECIBEL V551 // 205-65-R16-95H,publish,206197,Nunca Actualizado | Bad SKU
18469,V551,ADVAN dB DECIBEL V551 // 215-55-R17-94W,publish,205524,Nunca Actualizado | Bad SKU
18770,V551,ADVAN dB DECIBEL V551 // 235-55-R17-94W,trash,205524-1,Nunca Actualizado | Bad SKU
18432,V701,ADVAN FLEVA V701 // 195-50-R16-84V,publish,207371,Nunca Actualizado | Bad SKU
18433,V701,ADVAN FLEVA V701 // 205-45-R16-87W,publish,207372,Nunca Actualizado | Bad SKU
18434,V701,ADVAN FLEVA V701 // 205-45-R17-88W,publish,207373,Nunca Actualizado | Bad SKU
18436,V701,ADVAN FLEVA V701 // 205-50-R17-93W,publish,207375,Nunca Actualizado | Bad SKU
18437,V701,ADVAN FLEVA V701 // 205-55-R15-88V,publish,207376,Nunca Actualizado | Bad SKU
18438,V701,ADVAN FLEVA V701 // 205-55-R16-91W,publish,207377,Nunca Actualizado | Bad SKU
18439,V701,ADVAN FLEVA V701 // 215-35-R18-84W,publish,207345,Nunca Actualizado | Bad SKU
18440,V701,ADVAN FLEVA V701 // 215-40-R17-83W,publish,207378,Nunca Actualizado | Bad SKU
18441,V701,ADVAN FLEVA V701 // 215-45-R17-91W,publish,207379,Nunca Actualizado | Bad SKU
18442,V701,ADVAN FLEVA V701 // 225-35-R19-88W,publish,207346,Nunca Actualizado | Bad SKU
18443,V701,ADVAN FLEVA V701 // 225-40-R18-92W,publish,207380,Nunca Actualizado | Bad SKU
18444,V701,ADVAN FLEVA V701 // 225-45-R17-94W,publish,207381,Nunca Actualizado | Bad SKU
18445,V701,ADVAN FLEVA V701 // 225-45-R18-95W,publish,207260,Nunca Actualizado | Bad SKU
18446,V701,ADVAN FLEVA V701 // 225-50-R16-92W,publish,207262,Nunca Actualizado | Bad SKU
18447,V701,ADVAN FLEVA V701 // 225-50-R17-98W,publish,207261,Nunca Actualizado | Bad SKU
18448,V701,ADVAN FLEVA V701 // 235-40-R18-95W,publish,207382,Nunca Actualizado | Bad SKU
18449,V701,ADVAN FLEVA V701 // 235-45-R17-97W,publish,207383,Nunca Actualizado | Bad SKU
18450,V701,ADVAN FLEVA V701 // 245-40-R18-97W,publish,207290,Nunca Actualizado | Bad SKU
18451,V701,ADVAN FLEVA V701 // 255-30-R19-91W,publish,207347,Nunca Actualizado | Bad SKU
18452,V701,ADVAN FLEVA V701 // 265-30-R19-93W,publish,207348,Nunca Actualizado | Bad SKU
18457,V701,ADVAN FLEVA V701 // 205-50-R16-87V,publish,207374,Nunca Actualizado | Bad SKU
18702,Y355,SUPER VAN Y355 // 155-80-R12C-88-86N-8T,publish,202428,Nunca Actualizado | Bad SKU
18703,Y356,SUPER VAN Y356 // 185-80-R14C-P102-100N-8T,publish,202271,Nunca Actualizado | Bad SKU
18704,Y356,SUPER VAN Y356 // 195-80-R14C-106-104N-8T,publish,202425,Nunca Actualizado | Bad SKU
18728,P7 Cinturato,PIRELLI P7 Cinturato // 215-50-17-W,private,200,Nunca Actualizado | Bad SKU
18777,H437,VENTUS V2 Concept H437 // 205-55-16-91H,publish,206515,Nunca Actualizado | Bad SKU
18779,H437,VENTUS V2 Concept H437 // 195-60-15-88H,publish,206516,Nunca Actualizado | Bad SKU
18780,H437,VENTUS V2 Concept H437 // 195-55-15-85V,publish,206519,Nunca Actualizado | Bad SKU
18778,H426,OPTIMO H426 // 195-50-16-84H,publish,205576,Nunca Actualizado | Bad SKU
