20266,AD08,ADVAN NEOVA AD08 235-40-R17-90W,publish,205059,,7620.098375,6096.0787,20,,,Nunca Actualizado | Codigo de Producto (SKU) No Existe
20267,AD08,ADVAN NEOVA AD08 235-40-R18-91W,publish,205061,,6014.77625,4811.821,20,,,Nunca Actualizado | Codigo de Producto (SKU) No Existe
20270,AD08,ADVAN NEOVA AD08 245-45-R17-95W,publish,205065,,7738.527125,6190.8217,20,,,Nunca Actualizado | Codigo de Producto (SKU) No Existe
20271,AD08,ADVAN NEOVA AD08 245-45-R18-96W,publish,205066,,8635.832875,6908.6663,20,,,Nunca Actualizado | Codigo de Producto (SKU) No Existe
20274,AD08,ADVAN NEOVA AD08 255-40-R18-95W,publish,205069,,8836.55675,7069.2454,20,,,Nunca Actualizado | Codigo de Producto (SKU) No Existe
20276,AD08,ADVAN NEOVA AD08 265-35-R19-94W,publish,206964,,11680.97938,9344.7835,20,,,Nunca Actualizado | Codigo de Producto (SKU) No Existe
20278,AD08,ADVAN NEOVA AD08 275-35-R19-96W,publish,206868,,12383.98938,9907.1915,20,,,Nunca Actualizado | Codigo de Producto (SKU) No Existe
20227,AE01,BLUEARTH AE01 175-60-R15-81H,publish,206088,,2670.684125,2136.5473,20,,,Nunca Actualizado | Codigo de Producto (SKU) No Existe
20228,AE01,BLUEARTH AE01 215-60-R16-99H,publish,206091,,3094.910125,2475.9281,20,,,Nunca Actualizado | Codigo de Producto (SKU) No Existe
20229,AE01,BLUEARTH AE01 205-55-R16-91H,publish,206204,,3336.25975,2669.0078,20,,,Nunca Actualizado | Codigo de Producto (SKU) No Existe
20230,AE01,BLUEARTH AE01 205-65-R15-94H,publish,207515,,2345.345375,1876.2763,20,,,Nunca Actualizado | Codigo de Producto (SKU) No Existe
20231,AE01,BLUEARTH AE01 205-65-R15-99H,publish,206354,,2978.961875,2383.1695,20,,,Nunca Actualizado | Codigo de Producto (SKU) No Existe
20232,AE01,BLUEARTH AE01 195-50-R15-85H,publish,207468,,2277.57025,1822.0562,20,,,Nunca Actualizado | Codigo de Producto (SKU) No Existe
20233,AE01,BLUEARTH AE01 195-55-R15-85V,publish,206206,,2823.734,2258.9872,20,,,Nunca Actualizado | Codigo de Producto (SKU) No Existe
20234,AE01,BLUEARTH AE01 185-60-R15-88H,publish,207469,,2635.231125,2108.1849,20,,,Nunca Actualizado | Codigo de Producto (SKU) No Existe
20235,AE01,BLUEARTH AE01 185-60-R15-84H,publish,206352,,2222.469875,1777.9759,20,,,Nunca Actualizado | Codigo de Producto (SKU) No Existe
20237,AE01,BLUEARTH AE01 185-65-R15-88T,publish,206985,,2392.127,1913.7016,20,,,Nunca Actualizado | Codigo de Producto (SKU) No Existe
20238,AE01,BLUEARTH AE01 175-55-R15-77V,publish,206071,,3195.083,2556.0664,20,,,Nunca Actualizado | Codigo de Producto (SKU) No Existe
20239,AE01,BLUEARTH AE01 175-65-R15-84H,publish,206089,,2548.504375,2038.8035,20,,,Nunca Actualizado | Codigo de Producto (SKU) No Existe
20243,AE01,BLUEARTH AE01 195-70-R14-91T,publish,206203,,2496.94325,1997.5546,20,,,Nunca Actualizado | Codigo de Producto (SKU) No Existe
20245,AE01,BLUEARTH AE01 185-60-R14-82T,publish,207536,,2225.767125,1780.6137,20,,,Nunca Actualizado | Codigo de Producto (SKU) No Existe
20246,AE01,BLUEARTH AE01 185-70-R14-88H,publish,206493,,2303.58525,1842.8682,20,,,Nunca Actualizado | Codigo de Producto (SKU) No Existe
20247,AE01,BLUEARTH AE01 175-70-R14-84T,publish,206547,,2753.46325,2202.7706,20,,,Nunca Actualizado | Codigo de Producto (SKU) No Existe
20248,AE01,BLUEARTH AE01 165-55-R14-72H,publish,206090,,2525.0455,2020.0364,20,,,Nunca Actualizado | Codigo de Producto (SKU) No Existe
20249,AE01,BLUEARTH AE01 165-60-R14-75T,publish,206093,,2349.398875,1879.5191,20,,,Nunca Actualizado | Codigo de Producto (SKU) No Existe
20250,AE01,BLUEARTH AE01 165-65-R14-82T,publish,206094,,2080.58225,1664.4658,20,,,Nunca Actualizado | Codigo de Producto (SKU) No Existe
20251,AE01,BLUEARTH AE01 165-70-R14-81S,publish,207538,,2154.014125,1723.2113,20,,,Nunca Actualizado | Codigo de Producto (SKU) No Existe
20252,AE01,BLUEARTH AE01 185-70-R13-86T,publish,206504,,2778.404375,2222.7235,20,,,Nunca Actualizado | Codigo de Producto (SKU) No Existe
20253,AE01,BLUEARTH AE01 175-70-R13-82H,publish,207516,,2154.014125,1723.2113,20,,,Nunca Actualizado | Codigo de Producto (SKU) No Existe
20254,AE01,BLUEARTH AE01 175-70-R13-82T,publish,206360,,1963.832375,1571.0659,20,,,Nunca Actualizado | Codigo de Producto (SKU) No Existe
20255,AE01,BLUEARTH AE01 165-70-R13-79T,publish,206491,,2264.7745,1811.8196,20,,,Nunca Actualizado | Codigo de Producto (SKU) No Existe
20175,AE50,BLUEARTH-A AE50 4T 195-60-R15-88V,publish,206831,,3504.2985,2803.4388,20,,,Nunca Actualizado | Codigo de Producto (SKU) No Existe
20176,AE50,BLUEARTH-A AE50 195-65-R15-91H,publish,207472,,3220.417375,2576.3339,20,,,Nunca Actualizado | Codigo de Producto (SKU) No Existe
20177,AE50,BLUEARTH-A AE50 4T 195-65-R15-91V,publish,206832,,3794.42625,3035.541,20,,,Nunca Actualizado | Codigo de Producto (SKU) No Existe
20181,AE50,BLUEARTH-A AE50 4T 205-55-R16-91W,publish,206833,,4041.68975,3233.3518,20,,,Nunca Actualizado | Codigo de Producto (SKU) No Existe
20182,AE50,BLUEARTH-A AE50 205-60-R15-91V,publish,206834,,3680.519875,2944.4159,20,,,Nunca Actualizado | Codigo de Producto (SKU) No Existe
20184,AE50,BLUEARTH-A AE50 4T 215-45-R17-91W,publish,206854,,4178.223125,3342.5785,20,,,Nunca Actualizado | Codigo de Producto (SKU) No Existe
20188,AE50,BLUEARTH-A AE50 4T 215-60-R16-99V,publish,206838,,4533.07075,3626.4566,20,,,Nunca Actualizado | Codigo de Producto (SKU) No Existe
20191,AE50,BLUEARTH-A AE50 4T 225-45-R17-91W,publish,206848,,5435.776125,4348.6209,20,,,Nunca Actualizado | Codigo de Producto (SKU) No Existe
20193,AE50,BLUEARTH-A AE50 4T 225-50-R17-98W,publish,206850,,5828.269875,4662.6159,20,,,Nunca Actualizado | Codigo de Producto (SKU) No Existe
20196,AE50,BLUEARTH-A AE50 4T 225-55-R17-101W,publish,206841,,5506.530875,4405.2247,20,,,Nunca Actualizado | Codigo de Producto (SKU) No Existe
20146,AS01,S.DRIVE AS01 195-55-R15-85V,publish,202751,,3546.61825,2837.2946,20,,,Nunca Actualizado | Codigo de Producto (SKU) No Existe
20147,AS01,S.DRIVE AS01 205-40-R17-84W,publish,202710,,4347.774375,3478.2195,20,,,Nunca Actualizado | Codigo de Producto (SKU) No Existe
20148,AS01,S.DRIVE AS01 205-40-R18-86Y,publish,202729,,4946.391625,3957.1133,20,,,Nunca Actualizado | Codigo de Producto (SKU) No Existe
20149,AS01,S.DRIVE AS01 205-45-R17-88Y,publish,202730,,4823.53125,3858.825,20,,,Nunca Actualizado | Codigo de Producto (SKU) No Existe
20152,AS01,S.DRIVE AS01 205-55-R15-88W,publish,202753,,5116.5025,4093.202,20,,,Nunca Actualizado | Codigo de Producto (SKU) No Existe
20153,AS01,S.DRIVE AS01 215-35-R17-83W,publish,202743,,4297.619875,3438.0959,20,,,Nunca Actualizado | Codigo de Producto (SKU) No Existe
20154,AS01,S.DRIVE AS01 215-35-R18-84Y,publish,202731,,4731.2385,3784.9908,20,,,Nunca Actualizado | Codigo de Producto (SKU) No Existe
20156,AS01,S.DRIVE AS01 215-40-R16-82T,publish,205792,,3933.863625,3147.0909,20,,,Nunca Actualizado | Codigo de Producto (SKU) No Existe
20157,AS01,S.DRIVE AS01 215-40-R16-86W,publish,202754,,3569.593125,2855.6745,20,,,Nunca Actualizado | Codigo de Producto (SKU) No Existe
20159,AS01,S.DRIVE AS01 215-45-R17-91Y,publish,202734,,4486.48575,3589.1886,20,,,Nunca Actualizado | Codigo de Producto (SKU) No Existe
20160,AS01,S.DRIVE AS01 215-55-R17-98Y,publish,206640,,4578.2945,3662.6356,20,,,Nunca Actualizado | Codigo de Producto (SKU) No Existe
20161,AS01,S.DRIVE AS01 225-35-R17-86Y,publish,202735,,2324.654375,1859.7235,20,,,Nunca Actualizado | Codigo de Producto (SKU) No Existe
20162,AS01,S.DRIVE AS01 225-35-R18-87Y,publish,202736,,3860.099,3088.0792,20,,,Nunca Actualizado | Codigo de Producto (SKU) No Existe
20163,AS01,S.DRIVE AS01 225-40-R18-92Y,publish,202739,,5174.67325,4139.7386,20,,,Nunca Actualizado | Codigo de Producto (SKU) No Existe
20164,AS01,S.DRIVE AS01 235-35-R19-91Y,publish,202741,,6674.10525,5339.2842,20,,,Nunca Actualizado | Codigo de Producto (SKU) No Existe
20167,AS01,S.DRIVE AS01 255-35-R18-94Y,publish,200915,,9376.09575,7500.8766,20,,,Nunca Actualizado | Codigo de Producto (SKU) No Existe
20061,ES32,BLUEARTH-ES ES32 175-70-R14-84T,publish,207420,,2477.311,1981.8488,20,,,Nunca Actualizado | Codigo de Producto (SKU) No Existe
20063,ES32,BLUEARTH-ES ES32 185-55-R15-82V,publish,207520,,3409.600875,2727.6807,20,,,Nunca Actualizado | Codigo de Producto (SKU) No Existe
20066,ES32,BLUEARTH-ES ES32 185-60-R15-84H,publish,207471,,2553.707375,2042.9659,20,,,Nunca Actualizado | Codigo de Producto (SKU) No Existe
20074,ES32,BLUEARTH-ES ES32 195-55-R15-85H,publish,207466,,2823.658375,2258.9267,20,,,Nunca Actualizado | Codigo de Producto (SKU) No Existe
20080,ES32,BLUEARTH-ES ES32 195-65-R15-91H,publish,207467,,2943.024875,2354.4199,20,,,Nunca Actualizado | Codigo de Producto (SKU) No Existe
20086,ES32,BLUEARTH-ES ES32 205-55-R16-91H,publish,207365,,3556.101625,2844.8813,20,,,Nunca Actualizado | Codigo de Producto (SKU) No Existe
20091,ES32,BLUEARTH-ES ES32 205-65-R15-99H,publish,207369,,3449.909,2759.9272,20,,,Nunca Actualizado | Codigo de Producto (SKU) No Existe
19814,G012,GEOLANDAR A/T-S G012 R OWL-RBL 6T 30-9.5-R15-104S,publish,202682,,6896.957,5517.5656,20,,,Nunca Actualizado | Codigo de Producto (SKU) No Existe
19815,G012,GEOLANDAR A/T-S G012 R OWL-RBL 31-10.5-R15-109Q,publish,202683,,7437.206875,5949.7655,20,,,Nunca Actualizado | Codigo de Producto (SKU) No Existe
19816,G012,GEOLANDAR A/T-S G012 R OWL-RBL 32-11.5-R15-113S,publish,202789,,8007.22275,6405.7782,20,,,Nunca Actualizado | Codigo de Producto (SKU) No Existe
19820,G012,GEOLANDAR A/T-S G012 R RBL 215-60-R16-95H,publish,201029,,3847.5755,3078.0604,20,,,Nunca Actualizado | Codigo de Producto (SKU) No Existe
19821,G012,GEOLANDAR A/T-S G012 215-60-R17-96H,publish,205425,,5064.064125,4051.2513,20,,,Nunca Actualizado | Codigo de Producto (SKU) No Existe
19823,G012,GEOLANDAR A/T-S G012 R RBL 215-70-R15-98S,publish,201194,,4600.498,3680.3984,20,,,Nunca Actualizado | Codigo de Producto (SKU) No Existe
19826,G012,GEOLANDAR A/T-S G012 R OWL-RBL 215-75-R15-100S,publish,202727,,4861.0715,3888.8572,20,,,Nunca Actualizado | Codigo de Producto (SKU) No Existe
19828,G012,GEOLANDAR A/T-S G012 R RBL 225-60-R17-99H,publish,201212,,5550.0455,4440.0364,20,,,Nunca Actualizado | Codigo de Producto (SKU) No Existe
19830,G012,GEOLANDAR A/T-S G012 R RBL 6T 225-70-R16-102H,publish,202788,,5028.475,4022.78,20,,,Nunca Actualizado | Codigo de Producto (SKU) No Existe
19835,G012,GEOLANDAR A/T-S G012 4T 235-70-R16-106H,publish,205251,,5574.7295,4459.7836,20,,,Nunca Actualizado | Codigo de Producto (SKU) No Existe
19836,G012,GEOLANDAR A/T-S G012 R OWL-RBL 235-85-R16-120R,publish,202685,,6354.3325,5083.466,20,,,Nunca Actualizado | Codigo de Producto (SKU) No Existe
19838,G012,GEOLANDAR A/T-S G012 R OWL-RBL 235-70-R16-107S,publish,201293,,6282.761,5026.2088,20,,,Nunca Actualizado | Codigo de Producto (SKU) No Existe
19844,G012,GEOLANDAR A/T-S G012 R RBL 4T 255-65-R16-109H,publish,202715,,5460.127375,4368.1019,20,,,Nunca Actualizado | Codigo de Producto (SKU) No Existe
19849,G012,GEOLANDAR A/T-S G012 R OWL-RBL 265-75-R16-119R,publish,202687,,7079.077125,5663.2617,20,,,Nunca Actualizado | Codigo de Producto (SKU) No Existe
19855,G012,GEOLANDAR A/T-S G012 275-70-R18-125R,publish,207193,,9097.266375,7277.8131,20,,,Nunca Actualizado | Codigo de Producto (SKU) No Existe
19859,G012,GEOLANDAR A/T-S G012 R RBL 8T 315-70-R17-121R,publish,202698,,10786.69863,8629.3589,20,,,Nunca Actualizado | Codigo de Producto (SKU) No Existe
19879,G015,GEOLANDAR A/T G015 275-70-R16-114H,publish,207473,,6941.969,5553.5752,20,,,Nunca Actualizado | Codigo de Producto (SKU) No Existe
19759,G055,GEOLANDAR SUV G055 215-55-R17-94V,publish,206222,,4956.20775,3964.9662,20,,,Nunca Actualizado | Codigo de Producto (SKU) No Existe
19785,G055,GEOLANDAR SUV G055 245-60-R18-105H,publish,206506,,6350.06725,5080.0538,20,,,Nunca Actualizado | Codigo de Producto (SKU) No Existe
19787,G055,GEOLANDAR SUV G055 255-55-R18-109V,publish,206867,,8383.563,6706.8504,20,,,Nunca Actualizado | Codigo de Producto (SKU) No Existe
19790,G056,GEOLANDAR H/T G056 215-70-R15-98H,publish,206936,,4668.636125,3734.9089,20,,,Nunca Actualizado | Codigo de Producto (SKU) No Existe
19792,G056,GEOLANDAR H/T G056 235-75-R15-109H,publish,206937,,5330.3095,4264.2476,20,,,Nunca Actualizado | Codigo de Producto (SKU) No Existe
19795,G056,GEOLANDAR H/T G056 255-65-R16-109H,publish,206939,,5387.739125,4310.1913,20,,,Nunca Actualizado | Codigo de Producto (SKU) No Existe
19803,G056,GEOLANDAR H/T G056 265-70-R17-115S,publish,206945,,6169.580625,4935.6645,20,,,Nunca Actualizado | Codigo de Producto (SKU) No Existe
19729,IG35,ICE GUARD IG35 175-65-R14-86T,publish,206260,,1651.7885,1321.4308,20,,,Nunca Actualizado | Codigo de Producto (SKU) No Existe
19730,IG35,ICE GUARD IG35 175-70-R14-84T,publish,206261,,1651.7885,1321.4308,20,,,Nunca Actualizado | Codigo de Producto (SKU) No Existe
19731,IG35,ICE GUARD IG35 185-60-R15-88T,publish,206264,,1651.7885,1321.4308,20,,,Nunca Actualizado | Codigo de Producto (SKU) No Existe
19732,IG35,ICE GUARD IG35 185-70-R14-92T,publish,206267,,1654.737875,1323.7903,20,,,Nunca Actualizado | Codigo de Producto (SKU) No Existe
19733,IG35,ICE GUARD IG35 195-50-R15-82T,publish,206268,,2314.71725,1851.7738,20,,,Nunca Actualizado | Codigo de Producto (SKU) No Existe
19734,IG35,ICE GUARD IG35 195-60-R15-92T,publish,206271,,2152.87975,1722.3038,20,,,Nunca Actualizado | Codigo de Producto (SKU) No Existe
19736,IG35,ICE GUARD IG35 215-55-R16-97T,publish,206280,,4910.666375,3928.5331,20,,,Nunca Actualizado | Codigo de Producto (SKU) No Existe
19737,IG35,ICE GUARD IG35 215-55-R17-98T,publish,206281,,5211.82025,4169.4562,20,,,Nunca Actualizado | Codigo de Producto (SKU) No Existe
19738,IG35,ICE GUARD IG35 225-40-R18-92T,publish,206286,,4483.475875,3586.7807,20,,,Nunca Actualizado | Codigo de Producto (SKU) No Existe
19739,IG35,ICE GUARD IG35 225-55-R16-99T,publish,206288,,4562.519125,3650.0153,20,,,Nunca Actualizado | Codigo de Producto (SKU) No Existe
19742,IG35,ICE GUARD IG35 235-60-R18-107T,publish,206302,,4469.42475,3575.5398,20,,,Nunca Actualizado | Codigo de Producto (SKU) No Existe
19743,IG35,ICE GUARD IG35 235-70-R16-106T,publish,206304,,2820.270375,2256.2163,20,,,Nunca Actualizado | Codigo de Producto (SKU) No Existe
19509,V103,ADVAN Sport V103 225-45-R18-95Y,publish,202601,,8475.023875,6780.0191,20,,,Nunca Actualizado | Codigo de Producto (SKU) No Existe
19515,V103,ADVAN Sport V103 235-45-R19-95Y,publish,202631,,10160.16063,8128.1285,20,,,Nunca Actualizado | Codigo de Producto (SKU) No Existe
19517,V103,ADVAN Sport V103 235-50-R17-100W,publish,202653,,6213.231375,4970.5851,20,,,Nunca Actualizado | Codigo de Producto (SKU) No Existe
19523,V103,ADVAN Sport V103 245-35-R18-92Y,publish,202615,,8217.914,6574.3312,20,,,Nunca Actualizado | Codigo de Producto (SKU) No Existe
19529,V103,ADVAN Sport V103 245-40-R17-91W,publish,205043,,7914.793875,6331.8351,20,,,Nunca Actualizado | Codigo de Producto (SKU) No Existe
19533,V103,ADVAN Sport V103 245-45-R19-98Y,publish,202605,,8843.317625,7074.6541,20,,,Nunca Actualizado | Codigo de Producto (SKU) No Existe
19539,V103,ADVAN Sport V103 255-30-R21-93Y,publish,202659,,11757.42113,9405.9369,20,,,Nunca Actualizado | Codigo de Producto (SKU) No Existe
19541,V103,ADVAN Sport V103 255-35-R18-94Y,publish,202635,,10426.48163,8341.1853,20,,,Nunca Actualizado | Codigo de Producto (SKU) No Existe
19549,V103,ADVAN Sport V103 255-40-R18-99Y,publish,202612,,7786.186,6228.9488,20,,,Nunca Actualizado | Codigo de Producto (SKU) No Existe
19551,V103,ADVAN Sport V103 255-40-R19-100Y,publish,202638,,13170.17175,10536.1374,20,,,Nunca Actualizado | Codigo de Producto (SKU) No Existe
19565,V103,ADVAN Sport V103 285-35-R18-101Y,publish,202642,,9601.307,7681.0456,20,,,Nunca Actualizado | Codigo de Producto (SKU) No Existe
19631,V105,ADVAN Sport V105 205-55-R16-91V,publish,205712,,5336.919125,4269.5353,20,,,Nunca Actualizado | Codigo de Producto (SKU) No Existe
19632,V105,ADVAN Sport V105 205-55-R16-91W,publish,205713,,4894.77,3915.816,20,,,Nunca Actualizado | Codigo de Producto (SKU) No Existe
19633,V105,ADVAN Sport V105 225-45-R17-91W,publish,205716,,7191.244125,5752.9953,20,,,Nunca Actualizado | Codigo de Producto (SKU) No Existe
19637,V105,ADVAN Sport V105 235-60-R18-103V,publish,206932,,6699.5455,5359.6364,20,,,Nunca Actualizado | Codigo de Producto (SKU) No Existe
19644,V105,ADVAN Sport V105 255-40-R20-101Y,publish,206966,,12110.726,9688.5808,20,,,Nunca Actualizado | Codigo de Producto (SKU) No Existe
19645,V105,ADVAN Sport V105 275-35-R20-102Y,publish,206036,,11496.43925,9197.1514,20,,,Nunca Actualizado | Codigo de Producto (SKU) No Existe
19647,V105,ADVAN Sport V105 285-35-R18-97Y,publish,205711,,10083.371,8066.6968,20,,,Nunca Actualizado | Codigo de Producto (SKU) No Existe
19688,V551,ADVAN dB DECIBEL V551 195-65-R15-91H,publish,205837,,3323.993375,2659.1947,20,,,Nunca Actualizado | Codigo de Producto (SKU) No Existe
19690,V551,ADVAN dB DECIBEL V551 205-50-R16-87V,publish,205679,,4869.556625,3895.6453,20,,,Nunca Actualizado | Codigo de Producto (SKU) No Existe
19692,V551,ADVAN dB DECIBEL V551 205-60-R15-91H,publish,205516,,4005.888875,3204.7111,20,,,Nunca Actualizado | Codigo de Producto (SKU) No Existe
19693,V551,ADVAN dB DECIBEL V551 205-60-R16-92V,publish,205517,,5074.12225,4059.2978,20,,,Nunca Actualizado | Codigo de Producto (SKU) No Existe
19694,V551,ADVAN dB DECIBEL V551 205-65-R15-92H,publish,206559,,4007.74925,3206.1994,20,,,Nunca Actualizado | Codigo de Producto (SKU) No Existe
19698,V551,ADVAN dB DECIBEL V551 215-55-R16-93W,publish,206684,,4767.5385,3814.0308,20,,,Nunca Actualizado | Codigo de Producto (SKU) No Existe
19702,V551,ADVAN dB DECIBEL V551 225-40-R18-88W,publish,205620,,6271.5685,5017.2548,20,,,Nunca Actualizado | Codigo de Producto (SKU) No Existe
19707,V551,ADVAN dB DECIBEL V551 225-55-R17-97W,publish,206685,,6225.92125,4980.737,20,,,Nunca Actualizado | Codigo de Producto (SKU) No Existe
19708,V551,ADVAN dB DECIBEL V551 225-60-R16-98W,publish,206500,,5017.7665,4014.2132,20,,,Nunca Actualizado | Codigo de Producto (SKU) No Existe
19709,V551,ADVAN dB DECIBEL V551 235-35-R19-91W,publish,205527,,8732.209375,6985.7675,20,,,Nunca Actualizado | Codigo de Producto (SKU) No Existe
19711,V551,ADVAN dB DECIBEL V551 235-45-R17-94W,publish,205528,,5271.89675,4217.5174,20,,,Nunca Actualizado | Codigo de Producto (SKU) No Existe
19712,V551,ADVAN dB DECIBEL V551 235-50-R17-96V,publish,205545,,6867.448125,5493.9585,20,,,Nunca Actualizado | Codigo de Producto (SKU) No Existe
19713,V551,ADVAN dB DECIBEL V551 235-50-R18-97W,publish,206501,,8616.775375,6893.4203,20,,,Nunca Actualizado | Codigo de Producto (SKU) No Existe
19714,V551,ADVAN dB DECIBEL V551 235-55-R17-99V,publish,205529,,6538.40375,5230.723,20,,,Nunca Actualizado | Codigo de Producto (SKU) No Existe
19715,V551,ADVAN dB DECIBEL V551 235-60-R16-100W,publish,205519,,5283.33125,4226.665,20,,,Nunca Actualizado | Codigo de Producto (SKU) No Existe
19716,V551,ADVAN dB DECIBEL V551 245-35-R19-93W,publish,206502,,9491.333125,7593.0665,20,,,Nunca Actualizado | Codigo de Producto (SKU) No Existe
19717,V551,ADVAN dB DECIBEL V551 245-40-R17-91W,publish,205530,,7522.874875,6018.2999,20,,,Nunca Actualizado | Codigo de Producto (SKU) No Existe
19718,V551,ADVAN dB DECIBEL V551 245-40-R18-93Y,publish,205531,,10029.66213,8023.7297,20,,,Nunca Actualizado | Codigo de Producto (SKU) No Existe
19719,V551,ADVAN dB DECIBEL V551 245-40-R19-98W,publish,207143,,10960.5605,8768.4484,20,,,Nunca Actualizado | Codigo de Producto (SKU) No Existe
19721,V551,ADVAN dB DECIBEL V551 245-45-R18-96W,publish,205859,,8514.227875,6811.3823,20,,,Nunca Actualizado | Codigo de Producto (SKU) No Existe
19725,V551,ADVAN dB DECIBEL V551 275-35-R19-96W,publish,206856,,11020.95463,8816.7637,20,,,Nunca Actualizado | Codigo de Producto (SKU) No Existe
20109,V701,ADVAN FLEVA V701 195-50-R16-84V,publish,207371,,4670.420875,3736.3367,20,,,Nunca Actualizado | Codigo de Producto (SKU) No Existe
20115,V701,ADVAN FLEVA V701 205-55-R15-88V,publish,207376,,4741.79575,3793.4366,20,,,Nunca Actualizado | Codigo de Producto (SKU) No Existe
20118,V701,ADVAN FLEVA V701 215-40-R17-83W,publish,207378,,4298.87525,3439.1002,20,,,Nunca Actualizado | Codigo de Producto (SKU) No Existe
20125,V701,ADVAN FLEVA V701 225-50-R16-92W,publish,207262,,4932.401,3945.9208,20,,,Nunca Actualizado | Codigo de Producto (SKU) No Existe
20126,V701,ADVAN FLEVA V701 225-50-R17-98W,publish,207261,,6116.703625,4893.3629,20,,,Nunca Actualizado | Codigo de Producto (SKU) No Existe
20127,V701,ADVAN FLEVA V701 225-55-R17-97W,publish,207523,,5711.48975,4569.1918,20,,,Nunca Actualizado | Codigo de Producto (SKU) No Existe
19589,V103D,ADVAN Sport V103D 245-45-R18-96Y,publish,202604,,6337.952125,5070.3617,20,,,Nunca Actualizado | Codigo de Producto (SKU) No Existe
19605,V103S,ADVAN Sport V103S 235-40-R18-91Y,publish,202645,,9231.289,7385.0312,20,,,Nunca Actualizado | Codigo de Producto (SKU) No Existe
19613,V103S,ADVAN Sport V103S 255-45-R18-99Y,publish,207289,,9244.916625,7395.9333,20,,,Nunca Actualizado | Codigo de Producto (SKU) No Existe
19656,V105S,ADVAN Sport V105S 225-40-R18-92Y,publish,206536,,7014.811,5611.8488,20,,,Nunca Actualizado | Codigo de Producto (SKU) No Existe
19661,V105S,ADVAN Sport V105S 235-35-R19-91Y,publish,202817,,9732.471,7785.9768,20,,,Nunca Actualizado | Codigo de Producto (SKU) No Existe
19682,V105S,ADVAN Sport V105S 265-40-R19-102Y,publish,206875,,11045.09413,8836.0753,20,,,Nunca Actualizado | Codigo de Producto (SKU) No Existe
19683,V105S,ADVAN Sport V105S 275-35-R19-100Y,publish,206877,,14125.89025,11300.7122,20,,,Nunca Actualizado | Codigo de Producto (SKU) No Existe
19745,IG55,ICE GUARD IG55 175-65-R14-86T,publish,206563,,3132.5865,2506.0692,20,,,Nunca Actualizado | Codigo de Producto (SKU) No Existe
19746,IG55,ICE GUARD IG55 175-70-R14-88T,publish,206564,,3328.667,2662.9336,20,,,Nunca Actualizado | Codigo de Producto (SKU) No Existe
19747,IG55,ICE GUARD IG55 195-55-R16-94T,publish,206577,,4935.017625,3948.0141,20,,,Nunca Actualizado | Codigo de Producto (SKU) No Existe
19748,IG55,ICE GUARD IG55 195-65-R15-95T,publish,206566,,4535.279,3628.2232,20,,,Nunca Actualizado | Codigo de Producto (SKU) No Existe
19749,IG55,ICE GUARD IG55 205-55-R16-94T,publish,206578,,4888.311625,3910.6493,20,,,Nunca Actualizado | Codigo de Producto (SKU) No Existe
19750,IG55,ICE GUARD IG55 205-60-R16-96T,publish,206567,,5450.326375,4360.2611,20,,,Nunca Actualizado | Codigo de Producto (SKU) No Existe
19751,IG55,ICE GUARD IG55 225-45-R17-94T,publish,206580,,3660.675875,2928.5407,20,,,Nunca Actualizado | Codigo de Producto (SKU) No Existe
19752,IG55,ICE GUARD IG55 225-65-R17-106T,publish,206571,,4762.36575,3809.8926,20,,,Nunca Actualizado | Codigo de Producto (SKU) No Existe
19753,IG55,ICE GUARD IG55 235-65-R17-108T,publish,206572,,6932.364625,5545.8917,20,,,Nunca Actualizado | Codigo de Producto (SKU) No Existe
19754,IG55,ICE GUARD IG55 265-65-R17-116T,publish,206575,,5909.763375,4727.8107,20,,,Nunca Actualizado | Codigo de Producto (SKU) No Existe
19755,IG55,ICE GUARD IG55 265-65-R18-114T,publish,206574,,7701.5465,6161.2372,20,,,Nunca Actualizado | Codigo de Producto (SKU) No Existe
19756,IG55,ICE GUARD IG55 265-70-R16-112T,publish,206576,,5642.0055,4513.6044,20,,,Nunca Actualizado | Codigo de Producto (SKU) No Existe
20105,ES32A,BLUEARTH-ES ES32A 235-45-R17-97W,publish,207445,,4606.926125,3685.5409,20,,,Nunca Actualizado | Codigo de Producto (SKU) No Existe
20260,AE01A,BLUEARTH AE01A 145-70-R13-71T,publish,207192,,1555.74475,1244.5958,20,,,Nunca Actualizado | Codigo de Producto (SKU) No Existe
