19682,V105S,ADVAN Sport V105S 265-40-R19-102Y,publish,206875,,11045.09413,8836.0753,20,,,Nunca Actualizado | Codigo de Producto (SKU) No Existe
19683,V105S,ADVAN Sport V105S 275-35-R19-100Y,publish,206877,,14125.89025,11300.7122,20,,,Nunca Actualizado | Codigo de Producto (SKU) No Existe
19745,IG55,ICE GUARD IG55 175-65-R14-86T,publish,206563,,3132.5865,2506.0692,20,,,Nunca Actualizado | Codigo de Producto (SKU) No Existe
19746,IG55,ICE GUARD IG55 175-70-R14-88T,publish,206564,,3328.667,2662.9336,20,,,Nunca Actualizado | Codigo de Producto (SKU) No Existe
19747,IG55,ICE GUARD IG55 195-55-R16-94T,publish,206577,,4935.017625,3948.0141,20,,,Nunca Actualizado | Codigo de Producto (SKU) No Existe
19748,IG55,ICE GUARD IG55 195-65-R15-95T,publish,206566,,4535.279,3628.2232,20,,,Nunca Actualizado | Codigo de Producto (SKU) No Existe
19749,IG55,ICE GUARD IG55 205-55-R16-94T,publish,206578,,4888.311625,3910.6493,20,,,Nunca Actualizado | Codigo de Producto (SKU) No Existe
19750,IG55,ICE GUARD IG55 205-60-R16-96T,publish,206567,,5450.326375,4360.2611,20,,,Nunca Actualizado | Codigo de Producto (SKU) No Existe
19751,IG55,ICE GUARD IG55 225-45-R17-94T,publish,206580,,3660.675875,2928.5407,20,,,Nunca Actualizado | Codigo de Producto (SKU) No Existe
19752,IG55,ICE GUARD IG55 225-65-R17-106T,publish,206571,,4762.36575,3809.8926,20,,,Nunca Actualizado | Codigo de Producto (SKU) No Existe
19753,IG55,ICE GUARD IG55 235-65-R17-108T,publish,206572,,6932.364625,5545.8917,20,,,Nunca Actualizado | Codigo de Producto (SKU) No Existe
19754,IG55,ICE GUARD IG55 265-65-R17-116T,publish,206575,,5909.763375,4727.8107,20,,,Nunca Actualizado | Codigo de Producto (SKU) No Existe
19755,IG55,ICE GUARD IG55 265-65-R18-114T,publish,206574,,7701.5465,6161.2372,20,,,Nunca Actualizado | Codigo de Producto (SKU) No Existe
19756,IG55,ICE GUARD IG55 265-70-R16-112T,publish,206576,,5642.0055,4513.6044,20,,,Nunca Actualizado | Codigo de Producto (SKU) No Existe
20105,ES32A,BLUEARTH-ES ES32A 235-45-R17-97W,publish,207445,,4606.926125,3685.5409,20,,,Nunca Actualizado | Codigo de Producto (SKU) No Existe
20260,AE01A,BLUEARTH AE01A 145-70-R13-71T,publish,207192,,1555.74475,1244.5958,20,,,Nunca Actualizado | Codigo de Producto (SKU) No Existe
